{"type":"Topology","objects":{"country":{"type":"GeometryCollection","bbox":[-18.16152699999995,27.637361000000055,4.328195000000051,43.79152600000009],"geometries":[{"type":"MultiPolygon","properties":{"name":"ESP"},"arcs":[[[0,1,2,3,4,5,6,7,8,9,10,11,12,13,14,15,16,17,18,19,20,21,22,23,24,25,26,27,28,29,30,31,32,33,34,35,36]],[[37]],[[38]],[[39]],[[40]],[[41]],[[42]],[[43]],[[44]],[[45]],[[46]],[[47]],[[48]],[[49]],[[50]],[[51]],[[52]],[[53]],[[54]],[[55]],[[56]],[[57]],[[58]],[[59]],[[60]],[[61]],[[62]],[[63]],[[64]],[[65]],[[66]],[[67]],[[68]],[[69]],[[70]],[[71]],[[72]],[[73]],[[74]],[[75]],[[76]],[[77]],[[78]],[[79]],[[80]],[[81]],[[82]],[[83]],[[84]],[[85]],[[86]],[[87]],[[88]],[[89]],[[90]],[[91]],[[92]],[[93]],[[94]],[[95]],[[96]],[[97]],[[98]],[[99]],[[100]],[[101]],[[102]],[[103]],[[104]],[[105]],[[106]],[[107]],[[108]],[[109]],[[110]],[[111]],[[112]],[[113]],[[114]],[[115]],[[116]],[[117]],[[118]],[[119]],[[120]],[[121]],[[122]],[[123]],[[124]],[[125]],[[126]],[[127]],[[128]],[[129]],[[130]],[[131]],[[132]],[[133]],[[134]],[[135]],[[136]],[[137]],[[138]],[[139]],[[140]],[[141]],[[142]],[[143]],[[144]],[[145]],[[146]],[[147]],[[148]],[[149]],[[150]],[[151]],[[152]],[[153]],[[154]],[[155]],[[156]],[[157]],[[158]],[[159]],[[160]],[[161]],[[162]],[[163]],[[164]],[[165]],[[166]],[[167]],[[168]],[[169]],[[170]],[[171]],[[172]],[[173]],[[174]],[[175]],[[176]],[[177]],[[178]],[[179]],[[180]],[[181]],[[182]],[[183]],[[184]],[[185]],[[186]],[[187],[188],[189],[190],[191],[192],[193],[194],[195,196]],[[197]],[[198]],[[199]],[[200],[201],[202],[203],[204],[205],[206],[207],[208],[209],[210],[211]],[[212]],[[213]],[[214]],[[215]],[[216]],[[217]],[[218]],[[219]],[[220]],[[221]],[[222]],[[223]],[[224]],[[225]],[[226]],[[227]],[[228]],[[229]],[[230]],[[231]],[[232]]]}]},"regions":{"type":"GeometryCollection","bbox":[-18.161526999999978,27.637361000000112,4.328194999999994,43.79152600000015],"geometries":[{"type":"MultiPolygon","properties":{"name":"ESP"},"arcs":[[[184]],[[183]],[[182]],[[181]],[[180]],[[179]],[[178]],[[177]],[[176]],[[175]],[[174]],[[173]],[[172]],[[171]],[[170]],[[169]],[[168]],[[3,233,5,6,-7,234,235,236,2]]]},{"type":"Polygon","properties":{"name":"ESP"},"arcs":[[35,237,238,239,240,241,242,243,244]]},{"type":"MultiPolygon","properties":{"name":"ESP"},"arcs":[[[245]],[[50]],[[49]],[[48]],[[246,247,248,32],[249],[250]]]},{"type":"MultiPolygon","properties":{"name":"ESP"},"arcs":[[[251]],[[-251]],[[-250]],[[252,253,-243,254,255,256,257,14,258,17,259,19,260,21,261,23,262,263,-248],[264]]]},{"type":"MultiPolygon","properties":{"name":"ESP"},"arcs":[[[265]],[[-242,266,-240,267,268,-236,269,-257,270,-255]]]},{"type":"MultiPolygon","properties":{"name":"ESP"},"arcs":[[[97]],[[96]],[[95]],[[94]],[[93]],[[92]],[[91]],[[85]],[[75]],[[271,-238,36]]]},{"type":"MultiPolygon","properties":{"name":"ESP"},"arcs":[[[186]],[[185]]]},{"type":"MultiPolygon","properties":{"name":"ESP"},"arcs":[[[-265]],[[-256,-271],[-266]]]},{"type":"Polygon","properties":{"name":"ESP"},"arcs":[[-245,272,273,34]]},{"type":"MultiPolygon","properties":{"name":"ESP"},"arcs":[[[158]],[[157]],[[156]],[[155]],[[154]],[[119]],[[118]],[[110]],[[107]],[[106]],[[-267,-241]],[[-272,0,274,-268,-239]]]},{"type":"Polygon","properties":{"name":"ESP"},"arcs":[[-270,-235,6,7,275,9,276,11,277,13,-258]]},{"type":"MultiPolygon","properties":{"name":"ESP"},"arcs":[[[90]],[[89]],[[88]],[[87]],[[86]],[[84]],[[83]],[[82]],[[81]],[[80]],[[79]],[[78]],[[77]],[[76]],[[74]],[[73]],[[72]],[[71]],[[70]],[[69]],[[68]],[[67]],[[66]],[[65]],[[64]],[[63]],[[62]],[[61]],[[60]],[[59]],[[58]],[[57]],[[56]],[[55]],[[53]],[[47]],[[43]],[[42]],[[41]],[[40]],[[39]],[[38]],[[37]],[[278,-263,24,279,26,280,28,281,30]]]},{"type":"MultiPolygon","properties":{"name":"ESP"},"arcs":[[[153]],[[152]],[[151]],[[150]],[[149]],[[148]],[[147]],[[146]],[[145]],[[144]],[[143]],[[142]],[[141]],[[140]],[[139]],[[138]],[[137]],[[136]],[[135]],[[134]],[[133]],[[132]],[[131]],[[130]],[[128]],[[129]],[[127]],[[126]],[[125]],[[124]],[[123]],[[122]],[[121]],[[120]],[[117]],[[116]],[[115]],[[114]],[[113]],[[112]],[[111]],[[109]],[[108]],[[105]],[[104]],[[103]],[[102]],[[101]],[[100]],[[99]],[[98]]]},{"type":"MultiPolygon","properties":{"name":"ESP"},"arcs":[[[232]],[[231]],[[230]],[[229]],[[228]],[[227]],[[226]],[[225]],[[224]],[[223]],[[222]],[[221]],[[220]],[[219]],[[218]],[[217]],[[216]],[[215]],[[214]],[[213]],[[212]],[[200],[208],[202],[282,201],[211],[210],[209],[203],[206],[207],[204],[205]],[[199]],[[198]],[[197]],[[187],[194],[283,196],[189],[190],[191],[193],[192],[188]]]},{"type":"Polygon","properties":{"name":"ESP"},"arcs":[[284,-273,-244,-254]]},{"type":"MultiPolygon","properties":{"name":"ESP"},"arcs":[[[54]],[[51]],[[-274,-285,-253,-247,33],[-246],[-252]]]},{"type":"MultiPolygon","properties":{"name":"ESP"},"arcs":[[[52]],[[46]],[[45]],[[44]],[[-249,-264,-279,31]]]},{"type":"MultiPolygon","properties":{"name":"ESP"},"arcs":[[[167]],[[166]],[[165]],[[164]],[[163]],[[162]],[[161]],[[160]],[[159]],[[-275,1,-237,-269]]]}]}},"arcs":[[[8304,7975],[-50,-101],[-113,-171],[-46,-32],[-25,-76],[-31,-30],[-108,-218],[-5,-51],[50,-152],[-8,-23],[40,-97],[59,-72],[93,-38],[-16,-75],[-77,-36],[-26,-58],[-34,0],[-102,-60],[-13,-50],[-40,-14],[-4,-79],[-58,-46],[-6,-92],[-49,-85]],[[7735,6319],[-43,-82],[63,-68],[-89,-32],[-29,19],[-63,-28],[-89,16],[-135,-117]],[[7350,6027],[-80,-101],[-42,-171],[-44,-32],[-49,-92],[-35,-10],[-79,76],[-87,-18],[-59,-81],[-71,10],[-24,30],[-147,5],[-106,-36],[-53,30],[-157,-11],[-52,14],[-47,-21],[-112,-4],[-36,-72],[-57,-53],[-133,-4],[-107,-54],[-58,-105],[-14,-56],[-47,3],[6,-55],[-66,-35],[-104,46],[-43,58],[-56,5],[-53,77],[-32,93],[2,62],[-76,43],[-21,67],[18,44],[-54,103],[-186,137],[-15,60]],[[4974,5979],[-24,-58],[-109,0],[-49,-19],[-22,46],[-14,150],[-26,39],[30,68]],[[4760,6205],[0,0]],[[4760,6205],[15,59],[45,37],[52,113],[90,16],[31,112]],[[4993,6542],[0,0]],[[4993,6542],[-69,-23],[-29,65],[-80,104],[31,163]],[[4846,6851],[0,0]],[[4846,6851],[102,106],[36,90],[-36,58],[-50,-5],[5,34]],[[4903,7134],[0,0]],[[4903,7134],[-47,28],[-13,62]],[[4843,7224],[0,0]],[[4843,7224],[-24,42],[12,52],[-91,79],[-16,48],[92,-15],[140,18],[12,87],[38,37],[13,76],[-30,73],[-30,7],[4,69],[60,23]],[[5023,7820],[35,61],[-29,50],[23,127],[-27,181],[-32,40],[55,15],[19,61],[65,69],[21,-5]],[[5153,8419],[0,0]],[[5153,8419],[0,0]],[[5153,8419],[36,28]],[[5189,8447],[0,0]],[[5189,8447],[70,79],[52,87]],[[5311,8613],[0,0]],[[5311,8613],[-38,68],[-94,-2],[-21,51],[20,80],[-41,49]],[[5137,8859],[0,-2]],[[5137,8857],[-149,-3],[-18,19]],[[4970,8873],[-87,4],[-7,-60],[-99,-44],[-14,31],[-74,-19],[13,31],[-73,9]],[[4629,8825],[0,0]],[[4629,8825],[-106,-17],[-78,-30],[-23,58],[58,64],[-44,31],[-6,55],[-60,-44],[-61,-2]],[[4309,8940],[0,0]],[[4309,8940],[-34,-17]],[[4275,8923],[-1,0]],[[4274,8923],[-34,-1],[-55,-69],[-59,-38],[-6,145],[35,12],[19,57],[70,39],[1,35],[-78,-60],[4,49],[41,69],[-66,-33],[-44,58],[34,11],[52,93],[-49,11],[-30,-48],[-76,-12],[62,134],[-50,2],[-31,76],[-73,7],[18,106],[26,39],[111,46],[-19,28],[67,44],[55,-35],[77,14],[65,48],[79,2],[-55,49],[36,52],[82,53],[10,43],[66,31],[25,-31],[98,24],[122,-48],[27,-49],[113,-22],[-5,-51]],[[4939,9803],[46,60],[212,-14],[103,27],[53,-23],[146,50],[44,-58],[133,4],[80,-48],[126,-7],[187,-42]],[[6069,9752],[139,3],[171,60],[-6,-54],[102,65],[64,-69],[57,9],[77,-38]],[[6673,9728],[101,52],[79,9],[106,-46],[57,-43],[96,-14],[112,32],[55,34],[27,-60]],[[7306,9692],[49,-24],[50,23],[53,-26],[-37,-98],[52,-41],[20,26],[134,-49],[27,-23],[86,8],[10,-30]],[[7750,9458],[80,-88],[20,32],[50,-18],[35,31],[140,-102],[80,32],[51,-39],[162,12]],[[8368,9318],[0,92],[21,13],[98,-44],[81,-13],[25,-37],[85,7],[38,-76],[3,-99],[158,32],[49,-27],[45,-61],[107,56],[101,-61],[85,1],[-10,27],[83,46],[90,7],[72,-83],[53,-11],[-18,-40],[-61,3],[-9,-81],[35,-29],[0,-118],[-65,-64],[-125,-86],[-227,-117],[-66,-104],[-291,-77],[-211,-77],[-128,-147],[78,-46],[-14,-33],[-107,-33],[-39,-63]],[[4577,9992],[0,0]],[[4683,9981],[0,0]],[[4768,9954],[0,0]],[[4768,9952],[0,0]],[[4592,9949],[0,0]],[[4766,9944],[0,0]],[[4768,9943],[0,0]],[[5393,9875],[0,0]],[[4985,9865],[0,0]],[[4968,9857],[0,0]],[[4368,9826],[0,0]],[[6338,9805],[0,0]],[[6417,9803],[0,0]],[[6286,9789],[0,0]],[[6880,9774],[0,0]],[[6041,9757],[0,0]],[[4317,9742],[0,0]],[[6966,9737],[0,0]],[[4349,9737],[0,0]],[[4145,9734],[0,0]],[[3990,9438],[0,0]],[[3998,9428],[0,0]],[[4008,9396],[0,0]],[[3997,9387],[0,0]],[[4089,9370],[0,0]],[[4009,9349],[0,0]],[[4037,9343],[0,0]],[[4032,9286],[0,0]],[[4171,9275],[0,0]],[[4128,9263],[0,0]],[[4130,9221],[0,0]],[[4112,9227],[0,0]],[[4118,9227],[0,0]],[[4038,9212],[0,0]],[[4053,9207],[0,0]],[[4143,9200],[0,0]],[[4072,9200],[0,0]],[[4147,9198],[0,0]],[[8954,9195],[0,0]],[[4071,9195],[0,0]],[[4072,9195],[0,0]],[[4067,9191],[0,0]],[[4140,9179],[0,0]],[[4135,9179],[0,0]],[[4138,9172],[0,0]],[[4203,9145],[0,0]],[[4109,9138],[0,0]],[[4101,9106],[0,0]],[[9550,9091],[0,0]],[[4112,9046],[0,0]],[[4114,9018],[0,0]],[[4113,9002],[0,0]],[[4138,8982],[0,0]],[[4134,8981],[0,0]],[[9509,8921],[0,0]],[[9509,8917],[0,0]],[[9510,8916],[0,0]],[[9492,8804],[0,0]],[[9041,8481],[0,0]],[[8790,8388],[0,0]],[[8399,8134],[0,0]],[[9887,7711],[0,0]],[[9849,7606],[-75,-2],[-1,79],[157,6],[61,-113],[-14,-43],[-128,73]],[[9867,7694],[0,0]],[[9914,7682],[0,0]],[[9946,7666],[0,0]],[[9977,7632],[0,0]],[[9169,7349],[-52,45],[143,128],[128,80],[54,2],[31,-94],[42,-25],[49,37],[48,-28],[-1,-55],[-72,-100],[-27,-83],[-82,-60],[-38,60],[-79,1],[-70,126],[-74,-34]],[[9474,7604],[0,0]],[[8380,7591],[0,0]],[[8372,7586],[0,0]],[[9981,7583],[0,0]],[[9987,7579],[0,0]],[[8373,7574],[0,0]],[[9980,7528],[0,0]],[[9115,7404],[0,0]],[[9119,7390],[0,0]],[[9226,7362],[0,0]],[[9206,7346],[0,0]],[[9167,7344],[0,0]],[[9174,7319],[0,0]],[[7940,7312],[0,0]],[[7929,7302],[0,0]],[[9402,7235],[0,0]],[[9413,7222],[0,0]],[[9399,7162],[0,0]],[[9397,7158],[0,0]],[[9397,7155],[0,0]],[[9392,7150],[0,0]],[[9398,7137],[0,0]],[[9392,7121],[0,0]],[[9381,7111],[0,0]],[[9390,7111],[0,0]],[[8684,6927],[-70,42],[39,45],[-5,37],[112,54],[31,-54],[-85,-78],[-22,-46]],[[8712,7091],[0,0]],[[8660,7065],[0,0]],[[8804,7058],[0,0]],[[8615,7031],[0,0]],[[8780,7024],[0,0]],[[8591,7022],[0,0]],[[8593,7017],[0,0]],[[8615,7015],[0,0]],[[8593,7015],[0,0]],[[8605,7008],[0,0]],[[8708,6969],[0,0]],[[8715,6964],[0,0]],[[8713,6962],[0,0]],[[8604,6950],[0,0]],[[8614,6952],[0,0]],[[8702,6920],[0,0]],[[8699,6918],[0,0]],[[8698,6918],[0,0]],[[8733,6902],[0,0]],[[8706,6904],[20,-67],[-36,-27],[16,94]],[[8706,6904],[0,0]],[[8733,6902],[0,0]],[[8709,6895],[0,0]],[[8178,6883],[0,0]],[[8043,6745],[0,0]],[[8016,6725],[0,0]],[[7858,6518],[0,0]],[[7871,6515],[0,0]],[[7742,6283],[0,0]],[[7760,6246],[0,0]],[[7719,6231],[0,0]],[[7732,6229],[0,0]],[[7742,6208],[0,0]],[[7785,6202],[0,0]],[[7644,6140],[0,0]],[[7511,6140],[0,0]],[[7387,6048],[0,0]],[[4974,5979],[0,0]],[[4975,5969],[0,0]],[[5016,5962],[0,0]],[[4970,5948],[0,0]],[[4961,5941],[0,0]],[[4892,5941],[0,0]],[[4984,5905],[0,0]],[[5004,5891],[0,0]],[[5028,5875],[0,0]],[[5032,5870],[0,0]],[[5035,5865],[0,0]],[[5197,5633],[0,0]],[[6111,5617],[0,0]],[[5266,5555],[0,0]],[[5264,5555],[0,0]],[[5266,5504],[0,0]],[[5309,5412],[0,0]],[[5726,5115],[0,0]],[[6769,4731],[0,0]],[[1017,1548],[0,0]],[[1017,1548],[0,0]],[[1021,1549],[0,0]],[[1022,1549],[0,0]],[[1022,1549],[0,0]],[[1021,1548],[0,0]],[[1021,1548],[0,0]],[[1022,1553],[0,0]],[[1017,1550],[0,0]],[[1017,1550],[0,0]],[[942,1498],[0,0]],[[937,1492],[0,0]],[[939,1488],[0,0]],[[951,1483],[0,0]],[[947,1484],[0,0]],[[949,1483],[0,0]],[[949,1483],[0,0]],[[949,1482],[0,0]],[[949,1482],[0,0]],[[949,1482],[0,0]],[[949,1482],[0,0]],[[946,1484],[0,0]],[[949,1484],[0,0]],[[947,1484],[0,0]],[[947,1484],[0,0]],[[939,1485],[0,0]],[[2071,1102],[0,0]],[[2061,1036],[0,0]],[[2056,1034],[0,0]],[[2083,1013],[0,0]],[[2144,1013],[0,0]],[[2061,828],[-94,-44],[-24,-41],[-41,29],[28,92],[70,54],[51,-3],[23,64],[32,-6],[-17,-117],[-28,-28]],[[2056,928],[0,0]],[[94,628],[-26,80],[39,47],[63,-11],[24,-60],[-15,-107],[-38,-73],[-47,124]],[[1933,699],[0,0]],[[1698,253],[-62,19],[53,25],[62,60],[7,70],[77,163],[7,77],[58,25],[20,-17],[9,-87],[-14,-122],[-41,-101],[-122,-39],[-54,-73]],[[889,593],[0,0]],[[798,432],[-43,-139],[-35,-50],[-73,-15],[-98,215],[181,39],[83,97],[78,9],[7,-41],[-42,-22],[-58,-93]],[[853,511],[0,0]],[[423,238],[-62,49],[12,62],[28,9],[65,-45],[-43,-75]],[[1230,156],[-12,-50],[-80,-46],[-83,61],[-20,46],[5,66],[50,46],[5,38],[111,-13],[33,-76],[-9,-72]],[[1225,316],[0,0]],[[1225,306],[0,0]],[[1623,267],[0,0]],[[1244,220],[0,0]],[[119,97],[-35,-91],[-84,41],[3,29],[51,0],[45,54],[20,-33]],[[4760,6205],[0,0]],[[4993,6542],[61,-18],[-10,-35],[86,-16],[64,-55],[29,32],[104,-73],[101,34],[43,108],[57,17],[15,-70],[68,47],[7,65],[-19,103],[86,85],[92,67],[-7,27],[61,5]],[[5831,6865],[79,-30],[2,-39],[70,-28],[74,-55],[39,-51],[82,-34],[-4,28],[148,-15],[95,35],[49,-18],[17,36],[70,-29],[22,43],[109,-23],[29,25],[27,-39],[108,72],[72,-12],[12,-61],[40,-10],[16,-131],[-47,-63],[94,-36]],[[7034,6430],[75,-86],[82,-20],[-12,-113],[75,-134],[48,-9],[48,-41]],[[8368,9318],[48,-51],[-34,-76],[36,-84],[-51,-216],[-42,-43],[18,-40],[-59,-64],[-32,-5],[-32,-58],[53,-75],[-47,-37],[-9,-53],[29,-72],[-82,-120],[41,-71],[-7,-94],[-48,-53]],[[8150,8106],[-64,-25],[-99,57],[-17,-59],[-65,-17],[36,-30],[13,-85],[-34,-20],[30,-46],[-49,-67],[-68,-7],[-31,-111],[-67,-18],[-33,-40],[18,-59],[-31,-23],[-17,60],[-38,25],[-68,-7]],[[7566,7634],[-10,23]],[[7556,7657],[42,32],[-73,32],[-27,60],[-27,-50],[-40,11]],[[7431,7742],[-41,28],[-118,129],[50,53],[0,58],[42,-10],[28,76],[-3,78],[-29,72],[-88,99],[-68,53],[-41,-16]],[[7163,8362],[-43,23],[-7,106],[27,55],[32,-37],[41,14],[-25,120],[31,-2],[66,78],[-36,149]],[[7249,8868],[3,26]],[[7252,8894],[145,-60],[46,2],[48,99],[-39,35],[1,101],[25,82],[62,77],[21,60],[52,0],[84,87],[-3,37],[56,44]],[[6615,9633],[0,0]],[[6673,9728],[-25,-43],[-60,6],[-47,-36],[14,-64]],[[6555,9591],[-104,30],[-23,-41],[-83,-46],[-45,-69],[55,16],[21,-97],[-116,-23],[-64,60],[-6,60],[-48,11],[-51,55],[-43,-27],[-82,6],[-48,61],[4,34]],[[5922,9621],[48,5],[1,42],[56,27],[37,-14],[5,71]],[[6249,9402],[0,0]],[[6224,9398],[0,0]],[[6816,9379],[121,-18],[-22,-41],[40,-30],[-111,11],[-45,46],[17,32]],[[6555,9591],[73,41],[50,-23],[-1,-96],[71,-44],[-48,-22],[-64,27],[4,-70],[54,31],[-19,-77],[44,6],[85,-79]],[[6804,9285],[-101,2],[-22,-61],[39,-60],[-26,-37],[8,-88],[-19,-27],[43,-72],[45,2],[22,-48],[38,23],[97,-32],[31,75],[86,17],[25,-35],[50,11],[14,-87],[59,-28],[56,28]],[[7163,8362],[-121,-56],[-65,12],[-21,44],[-89,80],[-67,-2],[-18,34],[-69,-34],[-61,20],[-24,-29],[-65,-2],[-62,-56]],[[6501,8373],[-20,-2],[-88,-100],[-56,-27],[-31,-104],[-41,3],[-45,-71],[5,-34],[-72,-45],[-5,-89],[-36,2],[-18,-56],[-41,14],[-14,-78]],[[6039,7786],[-48,-4],[-5,45],[-140,-106],[-3,30],[-54,-39],[-87,12]],[[5702,7724],[-3,92],[-57,-35],[-62,5],[-91,83],[-45,-46],[-75,51],[-51,76],[-149,-83],[-23,-47],[-75,-20],[-48,20]],[[5153,8419],[0,0]],[[5189,8447],[0,0]],[[5311,8613],[0,0]],[[5137,8859],[0,-2]],[[4970,8873],[-23,60],[43,67],[60,38],[31,74],[-39,17],[6,52],[-68,30],[-50,-7],[12,116],[79,57],[20,79]],[[5041,9456],[125,-1],[81,90],[59,-30],[65,41],[48,-7],[58,-62],[36,3],[30,53],[68,-23],[70,43],[125,8],[12,50],[81,35],[23,-35]],[[6153,8056],[0,0]],[[6579,8044],[0,0]],[[7431,7742],[32,-80],[93,-5]],[[7566,7634],[-27,-14],[-4,-87],[-44,-85],[-25,11],[-60,-78],[-4,-83],[156,-76],[-45,-161],[52,-72],[83,9],[16,-32],[3,-121],[-49,-26]],[[7618,6819],[-70,62],[-117,-65],[-23,-73],[9,-96],[-49,-40],[-49,39],[-125,-57],[-38,9],[-65,-60],[-57,-108]],[[5831,6865],[33,20],[26,79],[37,28],[-46,25],[-13,53],[46,-18],[22,105],[72,-18],[-50,93],[31,80],[-80,-51],[-35,16],[-114,125],[30,74],[-12,52],[-64,-25],[-3,82],[-40,-9],[31,148]],[[6039,7786],[19,-11],[80,69],[27,-56],[46,48],[89,-55],[85,-20],[86,-41],[-72,-93],[-48,-20],[28,-25],[136,100],[103,0],[99,35],[-26,111],[-37,-23],[29,98],[-31,67],[-74,83],[-45,26],[-16,62],[47,135],[-63,97]],[[8304,7975],[-111,76],[12,25],[-55,30]],[[7252,8894],[-25,38],[38,53],[63,-2],[-149,136],[-25,-18],[-47,42],[-109,50]],[[6998,9193],[10,67],[-23,30],[72,6],[-15,42],[40,74],[0,55],[86,30],[6,52],[55,44],[5,44],[72,55]],[[7735,6319],[-61,48],[-60,132],[30,74],[-51,55],[1,60],[30,34],[-6,97]],[[4846,6851],[0,0]],[[4903,7134],[0,0]],[[4843,7224],[0,0]],[[4939,9803],[-53,-28],[47,-112],[57,-72],[49,-6],[-55,-29],[57,-100]],[[4629,8825],[0,0]],[[4309,8940],[0,0]],[[4275,8923],[-1,0]],[[947,1484],[0,0]],[[1017,1550],[0,0]],[[6804,9285],[15,-51],[27,42],[37,-18],[-11,-49],[46,-25],[80,9]]],"transform":{"scale":[0.002249197119711974,0.0016155780578057896],"translate":[-18.161526999999978,27.637361000000055]}}