﻿source_airport,destination_airport
FEG,OVB
SEA,SAN
LTN,VAR
MEX,LAP
MSY,ATL
YFB,YGT
CTA,VIE
ISG,OKA
LWY,BKM
SFT,ARN
DEL,BLR
SOQ,BXB
WUH,WNZ
SLC,GCC
FCO,GYD
MUC,GDN
IST,CAI
TSV,ISA
MCT,IST
PAD,PMI
TFS,DUB
LAX,YYC
BKK,PVG
LHR,HKG
ZRH,IST
OAK,HNL
BRU,OUA
BNE,CNS
FLL,ORH
CPH,JFK
KUL,TWU
YYC,PHX
BOG,PCR
NKG,PVG
VLI,NAN
DFW,AGU
VKO,SSH
DYU,KZN
BTS,GRO
VLI,EAE
CTA,TXL
PVR,SFO
PGF,NTE
AGP,DUS
MAA,JED
DEN,LIT
BIO,BRU
CGK,PKU
NYM,VKO
IAH,SJD
NAP,HAM
HRB,TSN
SEN,IBZ
SAP,IAH
FMM,SNN
YYZ,YQT
CGK,SRG
ARN,BKK
TLS,LIL
YYZ,FLL
TSE,ALA
GVA,STR
YOW,BOS
CDG,LIS
URC,CKG
BAH,ADD
MLE,DXB
CUN,MEX
KHH,KMG
IAH,PHL
MQP,DUR
LCA,CAI
MCT,KUL
BNE,WLG
DUS,NCL
CDG,BLQ
ALF,HFT
PMI,PAD
LPB,VVI
CDG,BKO
NSK,OVB
SCQ,VLC
AUS,ORD
DEN,BIL
FCO,MPL
HKG,EWR
TAO,JMU
LGA,DAY
SCL,ASU
HOG,MXP
DFW,BJX
NKG,PEK
IAD,ADD
YIH,SZX
GSP,SFB
DAC,JED
LIS,AMS
YLE,YZF
TLL,PJA
MCO,SEA
NTE,BCN
ICT,LAS
PMO,NAP
DEN,MCI
AKN,PIP
BSL,AMS
AMS,BRS
TYN,SHE
BNE,HIR
SCQ,ACE
BIO,BRU
ABJ,CDG
DJE,ORY
DAC,CCU
MFM,NRT
TPA,DTW
ADZ,MDE
PSO,CLO
CGO,KRL
EMA,CDG
DMM,BAH
MAD,ICN
LHR,HEL
DUB,NCL
BOG,CUC
GDL,LAX
STL,RDU
SKG,NUE
YCL,YHZ
NBO,JED
ZRH,EBA
JER,LGW
CDG,MRS
MRS,FRA
YNT,SZX
PEK,JMU
NTL,SYD
CGO,SZX
HKG,AKL
DFW,IAD
BRU,NSI
BLQ,BRI
MUC,BLQ
HGH,CTU
MCO,NAS
OSL,AJA
YEG,YMM
NAN,LAX
IAD,CDG
JNU,PSG
TXL,NUE
MSY,EWR
CUN,MAN
CDG,HAJ
YQB,YKL
PTP,MIA
KVD,LED
LGW,NAP
LHR,HND
ANU,FRA
TLS,ORN
TOY,ICN
PMI,LYS
AZA,PSC
CGQ,TAO
NGO,FUK
KMG,BHY
DFW,CZM
SIN,CGK
GTF,AZA
UTH,BKK
CDG,RIX
YGL,YPX
TXL,VIE
IXR,BOM
GRR,ORD
LIS,OTP
ORD,FAR
HEL,PRG
CRP,IAH
BAV,NAY
AJU,MCZ
IST,MRS
CDG,NRT
HAV,LIM
HKG,AKL
LHR,SEA
TPE,WUX
VRA,SNU
KIJ,ITM
DFW,LHR
CPH,TRF
TAO,SHA
SIN,SYD
JFK,MAN
DEN,PIR
DFW,NAS
DFW,MCI
LYS,BRU
DUB,BRS
RHO,CGN
OSL,VIE
AOI,TXL
FRA,AUH
LEX,PIE
ORD,DTW
COO,ABJ
BKK,NRT
FRA,CFU
FSC,LIL
HAM,BRS
ICN,TAO
KUL,BWN
CJU,TPE
DEN,BOI
SXF,BCN
RMQ,HUN
DLM,NCL
GRU,EZE
ABE,PGD
TRS,NAP
SZX,NNY
HRB,YKS
NGB,HAK
SEA,PEK
BWT,MEL
LIS,RAK
AMS,MUC
BFS,MLA
CDG,JFK
BYC,TJA
CIA,PMI
CDG,TIV
HKG,CGO
BRS,LPA
AMS,IAD
MRS,LIS
BRS,BOD
PVG,LZO
TUN,ORY
BUF,TPA
PVG,PEK
IST,ADB
SAN,SFO
FEZ,ORY
CAI,HRG
GYE,ESM
LIT,LGA
ICN,JFK
BRW,ATK
BKK,SIN
SHA,MFM
LIN,SUF
SRZ,BYC
BIO,OSL
ORY,AGP
SYD,LDH
HHN,FAO
BSL,AJA
MUC,SIN
MUC,NAP
BKK,KUL
KUL,OOL
CAN,TNA
MUC,BCN
XNN,CKG
FCO,DBV
DOK,DME
MEX,SFO
DLC,NGB
ZAD,BLL
MCI,MDW
BOG,PTY
CAN,XMN
RIX,CPH
ESB,TZX
URC,XIY
BOG,CCS
KWI,BEY
GIG,FLN
CLT,SJD
RGN,BKK
KHV,PEK
HKG,OKA
AEP,SLA
CMH,YYZ
CTU,SZX
LAX,RDM
SVO,MSQ
HET,PEK
CTU,ICN
TSE,OMS
AUH,PEW
CDG,SOF
MUC,MAD
MEX,VER
KLV,SVX
SVO,BCN
BOM,DEL
BUF,PHL
IST,HAM
MKE,ORD
DXB,MUX
GIG,SLZ
PVG,JNZ
LJG,SHA
HAN,VCA
ADD,LAD
PEK,TYN
PMI,LTN
PER,BME
PHL,SEA
MHD,ACZ
SHJ,TUK
ACE,MAN
CAN,CKG
LTN,BZR
OKC,DAL
LAS,CMH
TIJ,MZT
SIN,RGN
BGY,NYO
ATL,EWR
KUL,FOC
ICN,TLV
MEL,AKL
CRL,AGA
LJG,HGH
LED,HEL
HKT,DMK
YYZ,MCO
BOS,YOW
MPL,FRA
TBS,AMS
FUE,MUC
CSX,CTU
LBB,DFW
NGO,FRA
SJC,OGG
MQM,IST
ATL,GPT
HND,SIN
KZN,TAS
ALA,PPK
LAS,SFO
RMQ,MFM
AMS,FCO
SYD,PPP
BGO,AGP
SHA,NAY
AUS,IAH
LED,LBD
TRV,MCT
SNN,AGP
MIA,LIM
CTU,ZYI
SZG,VIE
NRT,HEL
CGN,ACE
ITM,FKS
MAH,MAD
AUH,MNL
GXF,AUH
TPS,GOA
MZG,KNH
KGL,BJM
SIN,FRA
MAD,MIA
MCO,PHL
NQN,AEP
AUA,CCS
ALC,BFS
SPS,DFW
SEA,MDW
MCG,ANI
BHX,LPA
OKA,KIX
CPH,WAW
FLN,GRU
SCL,GRU
TSR,BVA
ATL,TUS
KRT,AUH
MCT,SKT
KKC,BKK
PNR,BZV
STM,BEL
URC,YCU
ORD,PVG
BRU,DKR
TGU,MIA
MSP,ALB
ARN,LIS
BJV,LGW
AUH,MXP
JFK,CCS
DMM,SKT
LUN,NLA
STM,MAO
BDB,BNE
PEK,PVG
PVG,TSA
FRU,SVX
PTY,SJO
LGW,DBV
SAV,DFW
LAX,STL
SIN,CMB
PRG,ICN
PVG,JMU
MSP,RDU
CJU,CJJ
TYR,IAH
DTM,GRO
NRT,OKA
CLE,PUJ
LIN,OTP
VRN,TXL
DXB,PEW
TAO,NRT
KKA,OME
HER,TLL
ESB,BEG
LAS,BLI
PDX,HNL
ZUH,PVG
AMM,MAD
MCI,LAS
MVD,GRU
IEV,VLC
NAN,SYD
YUL,YBG
BOS,CAK
ATL,OMA
YYZ,YUL
LYS,MXP
ACE,SVQ
NKG,CSX
BAV,PEK
STL,YYZ
RDU,ATL
LHR,PHL
MTY,ORD
ATL,LOS
CLE,DFW
CGQ,TNA
CLT,PIT
JFK,EZE
DME,TIV
BRU,DKR
FUK,DLC
MRS,PMI
SHJ,KHI
BLR,VTZ
YZF,YCB
HND,KIX
HKT,OVB
BCN,FUE
YYC,NRT
PKU,SIN
FAO,ORK
MFM,SIN
XMN,TNA
WDH,LUD
IMT,RHI
PHL,DFW
SIN,WUH
GVA,LIS
ADD,DXB
TPE,SIN
ZRH,IST
MKE,BOS
CVG,BWI
CGO,JJN
JMU,PEK
KWE,JJN
YNJ,TAO
BRE,TFS
CEB,PUS
SAW,TZX
TXL,FMM
ALC,BVA
USM,PEN
LGA,CHS
SAN,BOI
NCE,HAM
SVO,KZN
IAH,SAT
AKL,NRT
BHX,TFS
FLR,MAD
AMM,DXB
PAP,JFK
ANU,CLT
STN,GDN
CGK,AMQ
MAD,FRA
TAO,CGO
MZT,LAX
ORY,DJE
SGN,HKG
LPA,SVQ
KJA,IKT
MPL,FCO
DCA,FLL
SHJ,LHE
MIA,NAS
JFK,LHR
CAI,KWI
KEF,BGO
AMS,SFO
SZX,DAX
LHR,ATL
PNH,SIN
CGQ,CKG
OSL,AMS
MEM,IND
CGN,OLB
BOM,MCT
CRL,TPS
JOG,BPN
SAN,ORD
KWE,HGH
AMS,FLR
IKA,LHR
ASW,CAI
CLT,ATL
TAS,NRT
GUC,DEN
TNA,LHW
AMS,HRE
DME,MAD
BKK,AMM
SIN,PER
PHX,LHR
SKG,ATH
LPA,ZRH
GIG,CWB
FNC,ZRH
VIE,BCN
CPH,TXL
ISC,LEQ
MEX,TAM
GRU,VIX
POS,PBM
DUS,RHO
DTW,BDL
CJJ,CJU
YYT,YYR
SZG,FRA
ATL,LIT
BOG,CTG
MLM,DFW
CMH,PHX
WRO,BRU
CFU,FRA
CIA,AHO
FCO,ATL
YQX,YYR
BAQ,BOG
YUL,MIA
WUH,JJN
ORY,LPA
SWA,NGB
PHX,ONT
FOC,TAO
AKL,TRG
CCU,HKG
CGH,SSA
FLL,GUA
BHY,CGO
BLQ,TIA
JGN,LHW
JOG,PKU
SVO,WAW
PRG,TLV
XMN,NAY
XIY,TNA
MEL,AUH
HER,MUC
MVD,SCL
CLO,GYE
TNA,SHE
TIJ,NRT
KJA,DME
FEN,REC
PEK,JJN
FRA,DEL
XUZ,TPE
ONQ,DTM
DMK,CJM
MEX,DGO
TYN,HKG
RUH,MAA
ATL,DCA
UEO,OKA
SFB,SBN
SYX,CKG
DCA,ROC
OZZ,ORY
SFO,YYJ
CKG,WNZ
GYD,SCO
RIX,AMS
COO,BKO
MDW,LUK
MIA,SAP
ATH,JTY
IAD,DAY
TPE,YNZ
LTN,REU
ASR,DUS
CAN,JJN
SVU,SUV
ORD,ATL
CPH,AES
PEK,AUH
DUS,LED
FLR,LCY
DME,GRV
REU,NCL
WAW,PRG
PVD,BWI
BRU,SXB
TPE,ROR
NQN,MDZ
AMM,JED
YVR,ICN
LGA,PHL
PDX,LMT
CUN,ATL
AMS,LIS
UVF,LGW
TJM,SLY
CTU,JZH
DFW,GRR
SGU,SLC
EYK,SVX
SLC,LGB
DUS,TRN
STL,DEN
MEX,NLD
DIY,ADB
MNL,KUL
BCN,CMN
YUL,JFK
SDU,SJK
KMG,LLF
BRI,VLC
PUS,XIY
IST,TUN
SYD,PQQ
YTQ,YVP
LGW,AGA
CXI,NAN
XTG,CMA
CKG,XIY
KOJ,PVG
YUL,YSJ
TUN,ALG
PRG,MXP
PDL,AMS
TAO,JMU
MDW,DTW
TRZ,MAA
TLS,AMS
EUG,DEN
MCO,LGW
KIX,BKK
CGO,TSN
VIE,HER
MRS,BOD
PHX,TPA
IAH,LHR
DXB,ADE
KIX,CTS
AGP,ORY
SAN,LAS
YXL,YER
BZV,LBV
JNB,FRA
DTW,DFW
PRG,MAN
SAL,EWR
MSY,JFK
LUM,KMG
ELP,DFW
CTA,MXP
MRS,ALG
CGK,PDG
DFW,ATL
YVR,PVG
MUC,JFK
PDX,OGG
SAN,BLI
TER,PIX
UPG,BPN
BOM,LKO
FNC,STR
HKG,SHA
NGS,FUJ
LHR,VIE
NGB,XMN
MXP,LGW
SLU,FDF
BWI,DTW
GIG,JPA
SRG,BDJ
CKG,NGB
IAH,SFO
DUB,ATH
FRA,TLV
OVD,AGP
PEN,KUL
SAW,DIY
CPH,ZAG
MPL,CDG
ALC,NCL
FCO,GOT
ESB,FRA
TSN,KHH
MYU,BET
RHO,FRA
DXB,DUR
MAB,BEL
NNG,XMN
LYS,GOT
PTY,MIA
RAK,BOD
CAY,PBM
KIX,OOL
HJJ,CSX
BRS,ALC
TFS,BSL
AUH,PVG
OSL,MUC
TAM,VER
ATL,ORD
PMO,SVO
FOC,CSX
DLC,PVG
SJO,GUA
JNB,SEZ
CZX,SZX
SCQ,BRU
OBU,ABL
TFS,CRL
SHJ,PEW
JNB,LOS
AGP,MAN
DPS,CGK
TAM,MEX
HGH,HKG
LPB,VVI
IST,KZN
TRV,MCT
CSG,ATL
TAE,PVG
KUL,BDO
IAH,LGA
BZO,FCO
IAH,LOS
LEJ,BRE
JUB,ADD
NTL,OOL
ONT,SMF
ADQ,ANC
DXB,KUF
MSP,PHX
SKG,AMS
CTS,SDJ
ESB,BGW
CLT,EWN
PNS,ORD
YVR,YBL
CKG,SZX
ATL,LAX
PVG,MXP
VLI,BNE
VIE,ARN
UIO,BOG
NGO,NRT
ORD,SLC
TRG,AKL
RHO,AMS
AUY,TAH
MEL,PER
LUX,ARN
GDL,REX
CPH,OSL
MRS,NDR
HEL,VIE
YYR,YRG
GLA,MCO
SAT,MEM
YPM,YHP
CEB,ICN
SKG,CGN
ORY,ESU
CDG,ABV
JJN,NNG
CJU,KIX
ATL,MLI
KJA,LBD
BWI,ORF
TLL,RIX
ESB,IST
MAN,FAO
LED,VOZ
ATL,SAN
ATL,FCO
LED,AAQ
KIV,MXP
ATH,BEG
SCQ,BCN
BMW,AZR
YUL,BRU
VNO,FRA
UTH,DMK
TYN,HFE
LGA,STL
ECN,SAW
ADZ,BOG
EZE,GIG
AUH,IST
ADD,LHR
NGB,CGO
SZX,LLF
UUD,PEK
LFW,GIG
BSL,PMI
DTM,ADB
LHR,YOW
VIE,STR
BCN,EZE
CPH,AMS
ARK,ZNZ
CRL,TRS
ATL,FLL
HER,ORY
PUS,SGN
LAS,LHR
GCM,YYZ
ABA,SVO
ORY,BKO
BVA,VNO
KSQ,TAS
VIE,CTA
EIN,BCN
PQQ,LDH
PEK,FOC
PEK,ALG
PHX,SAN
LEJ,STN
LGW,ANU
DLC,CGO
MIA,POS
ALG,LYS
HAJ,MAN
REC,SSA
KIH,DXB
ORD,ANC
SFO,JFK
SIN,TAS
TFN,ORY
DME,TJU
ORY,IKA
CAI,ATH
SVX,OVB
YCU,LHW
LGW,FUE
BOG,APO
MIA,CLT
SYX,ZUH
BLR,DEL
FDH,ZAD
IAH,SAP
CZX,CKG
YDP,YYR
SVO,REN
NTL,BNE
NKG,SHE
ZRH,IAD
CIY,HHN
GRQ,MST
PEK,JXA
MEX,MIA
VKO,AER
TIU,WLG
PBI,CLT
SCL,MIA
ATL,DAY
ADE,CAI
CJC,ANF
CMN,NIM
CSX,YTY
HGU,MAG
KUN,CIY
PEG,OTP
LJU,TGD
ZKG,YNA
KWI,CMB
DTW,EVV
LTN,TFS
LPA,PSA
BKO,COO
SFO,YYC
AMM,CDG
ZAH,GBT
PMO,BLQ
BHM,TPA
PEK,CJU
IST,TAS
SSA,MIA
WLH,SON
TOS,SOJ
DME,BTK
POM,MAG
MNL,LHR
MSY,MDW
YQR,YEG
IST,MSQ
BCN,CDG
IAD,YYZ
MAD,DKR
MCO,EWR
CHC,OOL
CUN,YVR
LCY,VCE
DLC,NRT
VNO,LED
MSP,PHX
AMS,LHR
RAK,TLS
YOG,YFH
DOM,STT
LIT,HOU
LGA,RDU
MEX,HMO
AAE,ORY
PTY,VVI
BTH,SUB
SON,SLH
AUS,JFK
XNN,TSN
YLH,YFH
DLM,IST
PDX,SFO
JFK,MAD
IAD,MIA
LHR,DTW
LAX,PHX
ATM,BEL
TIP,TUN
CGP,MCT
UMD,JQA
YYQ,YWG
ATH,GVA
GRQ,PMI
CKG,KMG
IVC,CHC
CTU,HKG
YNT,HRB
KUL,REP
KHV,DYR
TAC,MNL
MEX,TIJ
YNT,SZX
YHZ,ORD
PLS,NAS
HET,TSN
HRL,AUS
BNA,EWR
POA,VCP
YXL,YQT
LIH,HNL
SIN,MYY
MAD,PEK
WUH,KWE
NRT,HKG
HSV,ORD
BEL,BSB
IAD,FCO
XMN,SYX
FRA,TSE
PEK,CTU
DFW,CLL
PVR,YEG
TAE,CJU
ATL,BWI
SKG,STR
MUC,CAI
CDG,CAN
XUZ,HKG
NJF,SHJ
TAO,TYN
PTP,SBH
LPL,PMI
YGJ,NRT
ABJ,OUA
MEL,CNS
DAR,NBO
KHH,NRT
MIA,LGA
YKS,IKT
BRS,RZE
BCN,NCE
BOM,JAI
MDC,TTE
BCN,ATH
MEX,MTY
FUE,SXF
HER,BRS
CGK,SIN
MEX,MUC
HAV,SCU
GVA,ZRH
GIG,IGU
LAS,SDF
DFW,GJT
KMG,KUL
SOF,LHR
CGK,JED
NCL,PMI
ORD,PDX
IAH,LHR
BHM,DAL
SDU,SJK
MAD,VVI
IND,DFW
CZX,HRB
DSK,PEW
BHX,TXL
CGQ,INC
SAW,SJJ
PEK,SEA
CSX,XMN
MSP,JFK
SFO,CPH
STT,ATL
YUL,MEX
CAI,SHJ
DLC,PEK
KWI,DMM
GRR,MSP
LTN,FAO
EDL,NBO
GYE,CUE
CPT,DUR
DKR,DXB
FRA,PDL
HAV,SCU
JFK,LCY
MDE,CLO
FNC,VIE
KVG,RAB
BRU,LGW
ARN,ZRH
BOD,GVA
SVX,OVB
RUH,MNL
LIR,PTY
IND,CUN
BKK,CNX
ORD,MAD
BAV,SHE
NKM,KIJ
XIY,NNG
KHH,TSN
EZE,USH
CRL,TGD
EUG,LAX
ROK,BNE
NAY,DSN
HBA,BNE
FCO,TUN
JRO,DAR
IBZ,LGW
TFS,MAN
MCO,SLC
PYJ,DME
IND,ATL
CGN,SJJ
CSX,JJN
RTB,TGU
CGN,NCE
DWC,KUF
MAN,IBZ
WNZ,SZX
AYQ,CNS
TET,JNB
DCA,DEN
BRU,SCQ
KUL,RGN
TXL,CPH
ACE,ZAZ
CVG,YYZ
LPA,VLC
ESB,DIY
ADL,DRW
FDF,ORY
KHI,AUH
YQB,PUJ
DEN,MEX
KWL,ICN
FOC,CSX
HTA,IKT
SJU,CPX
MCO,YHZ
ATL,LIR
ATL,CUN
WUH,KMG
GRU,NVT
SAW,MXP
ALB,ATL
SCL,IQQ
ICN,NRT
HMI,CGO
DTW,PHL
JPA,SSA
NCU,DME
BSR,AMM
LGA,DFW
MKE,DCA
KOW,PEK
GRU,GYN
DLM,NCL
NRN,SUF
PMC,BBA
UPG,AMQ
CDG,TLS
FLL,PHL
ORD,BNA
BKK,TPE
AUH,BKK
HHN,AGP
LAX,LIH
TPE,DLC
HRG,DUS
BRU,BJM
MSY,LGA
FOC,HFE
WLG,TUO
MIA,MXP
KRK,CDG
CWL,AGP
CLT,RDU
MRX,THR
BRU,DEL
MDZ,BRC
TPS,PMF
HAM,ZRH
LIS,GIG
AJR,LYC
YNS,YKQ
ATL,SJU
KWL,WUH
LYS,CTA
TNA,HET
OKC,BWI
MEX,SFO
BWI,BOS
AGP,BHX
BFD,JHW
DFW,MEX
XIY,TSN
GVA,VIE
KHG,CTU
YZS,YTE
PTP,ANU
GSO,DFW
LHR,NRT
TLV,NCE
ICN,HAN
SYD,MYA
FLR,DUS
TNA,KIX
VIE,BLQ
MIA,CUN
KBL,ISB
ALG,MAD
ZRH,PRG
ISP,BWI
DEN,SNA
MUR,ODN
NTE,TUN
SCL,CPO
NRT,CJU
DPS,ADL
PTY,SAL
DLC,NGO
EVE,TOS
SPU,LGW
UET,LHE
KRS,GDN
SHA,LJG
ORF,CLT
MAN,NTE
KUL,CGK
CLT,ILM
YQB,PHL
CAN,KHN
GOT,MAN
CDG,JFK
DRS,AYT
EVN,VIE
BKK,KHI
LIG,BRS
XMN,NNG
PUS,PVG
SJW,CKG
LIN,LHR
KUL,JED
ZRH,IBZ
CAN,SIN
RTM,LCY
IST,MAN
SIN,RUH
DME,ASB
CNM,ABQ
KUL,TRZ
PMI,SXF
HNL,IAD
BCD,MNL
DCA,RDU
DEN,OMA
IBZ,AMS
MCI,PDX
AMS,YYC
CPH,FAO
CRL,EDI
LGK,SIN
DTW,CLT
DXB,BAH
ALC,PMI
MEX,HMO
BUD,RIX
CTU,PVG
SUF,VIE
YYC,YXJ
ATH,KSO
MDZ,SCL
ATH,LGW
WUX,SHE
ALB,BOS
EVN,DNK
MIA,ASU
XNN,PEK
MUC,LUX
BOG,MCO
CLT,MUC
SYD,HKG
NNG,PEK
LUX,MUC
OSL,LPA
FCO,OPO
SNN,WMI
PHX,DRO
RDU,ATL
MSY,PHL
MAD,TFS
TPE,CGO
DXB,IST
ACC,MAD
JNB,HKG
PMI,GSE
EIS,SJU
KUN,RHO
PEK,SEA
SFO,MCO
TSN,BAV
CMB,MLE
MSY,IAD
SXF,EDI
YUD,YGW
YHZ,MCO
BSL,KRK
TSN,YCU
DXB,KRT
HMO,LAX
BWI,SDF
WMI,BLQ
DFW,DEN
HGH,TAO
DFW,COU
HLA,DUR
GRX,LCY
BOS,JAX
VIE,ZTH
LHR,DFW
KEF,MUC
NKG,CKG
TER,GRW
JIB,SAH
SJU,YYZ
SIN,KUL
DTW,ALB
LHR,KEF
XFN,SZX
OVB,FRU
TUL,STL
FLL,SDQ
DXB,KUL
JNB,EBB
CTA,LMP
HET,PVG
LAX,MDW
PHX,GDL
MNL,YVR
HAV,SNU
MSP,OKC
NCE,TLS
BKO,NBO
VIX,SDU
AUH,SAH
GVA,FRA
NGB,MFM
ADD,LBV
PEG,STN
KWL,NNG
SLC,ONT
XMN,WUH
MCX,LED
CAG,NRN
ALG,GVA
NCL,JER
PBM,BEL
SVO,DEL
NUE,AMS
CZS,RBR
MEL,KUL
YSY,YEV
MFM,JJN
ATL,GRR
YMT,YKQ
SNN,EWR
POS,BGI
PVG,MNL
MEL,DPS
CKG,CAN
IND,MIA
FAO,MUC
KWL,PEK
NBO,MWZ
SAW,ATH
CTU,LYG
TYN,URC
MAN,GCI
SRG,DPS
JDZ,XMN
HAK,HGH
GLA,KEF
MAN,BVA
DXB,MAA
EYW,TPA
LIM,GYE
DFW,MIA
USM,SZB
OPO,ZRH
AYT,ERF
DFW,ICT
LHR,ORY
SHE,HGH
ZAD,MUC
AUS,MCO
BRU,CPH
MEX,SLW
TGM,LTN
IAH,TYS
HSV,IAD
IST,TIA
SYD,POM
NDY,SOY
XIY,TAO
LHR,BEY
PRG,ARN
MEX,MAM
SYD,MNL
ATL,BQK
MAA,DEL
SDF,MDW
PHX,RNO
SDQ,CDG
BHD,LBA
AMS,PDL
TPE,ICN
SHE,MFM
GBE,JNB
PVD,RSW
AMS,TLV
MRS,ORN
HAM,DUS
RIX,ARN
ARN,VAA
MED,KHI
PEK,HKG
CUN,IND
XUZ,KHH
PRG,SVO
WUH,PEK
PMI,BRS
AZA,BZN
NRT,HKG
HER,STR
LPA,VIE
SXF,LPL
MCZ,GRU
GRR,ORD
TLL,URE
ATL,SJU
MIA,MSY
BAV,NAY
FNC,LUX
JNB,TLV
YYZ,FRA
LKO,DEL
PNS,CLT
SMK,UNK
IXL,DEL
ITM,AOJ
ATL,TRI
BTH,DPS
MKE,TPA
AGP,ARN
XIY,WUH
ATL,MSN
YRT,YCS
IST,IKA
GOI,MAA
SVX,DWC
CTU,XIC
GAL,FAI
LIM,CUZ
DUS,TUN
BEG,OSL
CLT,IAH
IAH,ACY
PEK,LHW
BRQ,STN
ETZ,NCE
TFS,HAJ
SXF,KGS
CHS,DCA
PDL,LIS
FOC,KWL
TPE,KUH
KRR,MUC
ITM,KOJ
ATL,BNA
CSX,HAK
ENE,KOE
CPH,KRK
UIH,SGN
FLL,SAL
NRN,BLQ
SYD,PVG
KWI,TUN
NCE,CPH
ORY,BIO
MIA,MEM
MGA,MIA
MAN,MUC
FRA,GCI
JIB,DXB
ANC,SNP
CTS,KMQ
GYD,URC
ODS,MUC
IAD,SYR
DBV,BHX
PVG,KUL
DME,KGD
PVG,ZUH
ATL,SBN
URT,DMK
DCA,CHS
LHR,IST
SEA,PSC
HAK,KMG
NOU,PPT
TPE,BKK
LGW,LIS
LAX,EWR
BKK,XMN
HKG,BLR
AMM,HBE
WAW,KRK
NRT,CAN
ANC,LAX
ORN,CMN
WAW,ODS
LOH,UIO
FRA,MLE
EGO,ROV
DXB,ATH
HND,TSA
AEP,CPC
QRO,MTY
LAX,ELP
SLU,POS
CJU,CGQ
PAT,DEL
DEL,CJB
URC,XIY
ZAZ,PMI
SIN,BPN
POS,FLL
LAS,STL
ZRH,SUF
CNX,BKK
SYD,CBR
ORY,LIG
GRU,JNB
CAN,FOC
TSN,NGB
GYS,HGH
GOA,CDG
RSW,BWI
DCA,MEM
PZU,CAI
DEN,BUR
LHR,BHD
ATL,OKC
VIE,IST
SXF,VCE
MXP,JFK
IGU,CWB
CUN,LIM
ASW,CAI
EWR,SEA
CLT,IAH
BRS,BFS
NYO,CHQ
NUE,ZRH
KSC,LTN
ATL,OKC
LTN,NOC
ALC,RYG
EMA,AGP
MLA,CDG
OLB,MXP
HKG,EWR
LUX,SCN
CSX,WNZ
SUG,MNL
GIG,GRU
MUC,FNC
LIG,NCE
GRU,MVD
DUB,DUS
NNM,KVX
KWL,TPE
FRA,KIX
SYD,WLG
ATH,CAI
ALC,BOH
NRT,FCO
ABV,QOW
ORY,BJV
RDU,PHL
ATH,FCO
FLL,GSP
LUV,AMQ
PMO,BCN
FOC,HRB
JFK,IND
VCE,TIA
SVO,KJA
XNN,CKG
PDX,STS
EVE,OSL
LGA,GSO
PHE,BME
FNC,ZRH
BNE,PPP
GSE,AGP
MAD,IST
DFW,EWR
GIG,POA
MLM,TIJ
LBU,KUL
OKA,MMY
PMI,INN
MSY,MKE
BEG,SVO
FCO,IAD
HAM,BCN
SDU,BPS
NRT,DPS
NIM,OUA
GRJ,JNB
ALC,NYO
BHY,XIY
ORD,DUB
WLG,CHC
FRA,IST
PHL,MAD
NGQ,KHG
YVQ,YGH
LUX,ACE
LEJ,PMI
BCN,EDI
VLI,AKL
GEA,KOC
EMA,TSF
REP,PVG
ATL,SJU
DME,MLA
TNA,HRB
CRL,BIQ
DEL,NRT
GOI,BOM
HEL,KIX
YKQ,YMO
CMH,CLT
NAY,KHN
BPN,DPS
OMA,MDW
FRA,BEY
BGO,VNO
AMS,NCE
SLC,MSP
SDU,CNF
CDG,SIN
HRG,LGW
BNE,CHC
CAE,DCA
EDI,KOI
YQB,YGR
RIX,GYD
LIS,EDI
SLP,DFW
OOL,AKL
FLN,GIG
YWG,YXU
DLC,PVG
JFK,ROC
ATL,CVG
LGW,NAP
SJC,LAX
CUR,MDE
BOG,MIA
BKK,JNB
WUH,HKG
GDN,DUB
BKK,AKL
YHD,YQT
ECN,ADB
MKE,MCI
LIT,ATL
CHQ,SKG
BLQ,MAD
DXB,SIN
ATL,SAL
CLT,ATL
FCO,MAD
DME,SCO
GLA,GDN
AYT,RTM
VXO,BMA
SYD,PQQ
MDZ,COR
TLV,BSL
KUL,BOM
HER,TXL
ICN,CTU
CUN,HAV
LCA,EMA
BRI,PSA
FRA,PRG
BCN,SDR
MRS,CDG
VOZ,EVN
XMN,CKG
SGC,OVB
FRA,HAM
RIC,MSP
LET,BOG
VCE,KIV
LPA,PAD
IAH,AUS
YYU,YQT
ZAD,HAU
FRA,MAD
GDN,EIN
BPS,GRU
FLN,XAP
YCU,TSN
VIE,AMM
CNF,CGH
BLR,SHJ
HEL,AMS
TNA,KHH
RAK,XCR
KRT,SHJ
HAM,FDH
AGP,BRU
PAP,ATL
JFK,GRU
OSS,KZN
KKH,BET
MYY,LMN
CEN,MEX
HBE,ATH
XIY,TAO
AUU,CNS
HAN,KIX
JNB,MPM
JTR,BRU
SZX,TYN
LLA,GEV
AUA,MIA
KUF,DME
KBL,DXB
MSN,DFW
BNE,CNS
FRA,BEG
ALC,GLA
MFM,CNX
PHL,YOW
AMM,SAH
PEK,SZX
PDX,ONT
MAN,YVR
TPS,CUF
TFS,MAN
ADL,KUL
DRS,HER
ALA,AKX
NBO,BJM
CDG,DFW
IKA,DXB
BWN,CGK
BIO,LHR
YHY,YSM
DTW,ACY
INV,LTN
NRT,OIT
MSR,ESB
EWR,MSY
CMH,RDU
ALA,FRA
KRR,VOZ
KWI,DWC
IND,BWI
PEK,DYG
BNA,LGA
BHX,DEL
POM,PNP
AMM,BCN
BRI,CGN
TSE,DZN
FLL,ORD
UKB,CTS
POA,GRU
ANC,VDZ
DEN,IND
PEK,TGO
PIR,DEN
SJW,SHP
JNU,GST
SYX,CKG
TPA,ROC
LAX,YYC
PNQ,NAG
TYN,TPE
SBH,SXM
VCE,ARN
MDT,ATL
VIE,CLJ
DEL,IXC
DFW,MEX
TSN,CKG
HER,LTN
SDJ,NGO
NAT,BSB
JFK,BOG
AKL,BNE
SRQ,ATL
AVP,ATL
SFA,TIP
KMG,CTU
SJU,PUJ
ZUH,CGO
WXN,PVG
PEK,FNJ
SEA,LHR
SIN,BNE
EWR,BOS
RUH,ADD
LHR,AUH
DEN,MLI
BLQ,LYS
DME,IKT
DLC,HGH
YEG,YVR
BWI,ORD
MEX,MFE
EIN,TXL
NCL,SVG
BUD,GYD
GYE,MIA
IAH,TGU
LHR,LCA
KUF,DXB
AER,LBD
HAM,AMS
JFK,MXP
TKG,BTH
MAG,LAE
VLC,OVD
WNR,BVI
OKA,KMI
VCP,CCM
TNA,HKG
MAD,GVA
SAT,MTY
LAS,DLH
HMO,MTY
PVG,CAN
BOD,LYS
TOS,BGO
MLM,LAX
MUC,IBZ
BRU,DKR
PER,SIN
LIS,LYS
HMI,KRL
ICN,TOY
LHW,HGH
CJU,WJU
KUL,IST
JED,AMM
JNB,JFK
PHX,DTW
VIE,DLM
CNS,POM
MEX,PXM
RGN,AKY
DEL,IXL
FLL,AUS
DXB,KMG
LPQ,BKK
FJR,AZI
ZRH,LCY
MFR,LAS
VKO,KVX
DEL,VIE
CDG,GOT
ATL,ORD
PAT,CCU
DLC,HDG
ICN,SZX
SEA,SAN
IOM,LPL
SIN,CHC
DEL,IXC
MIM,MEL
CZX,CTU
HTI,BNE
SFO,SAL
LAX,AKL
AUS,SFO
SOF,EIN
WDH,CPT
SJW,HRB
HAK,AQG
DEN,MKE
TSN,DYG
ORD,BOS
GUA,SJO
MVD,MIA
LPA,FKB
PVG,FCO
TAO,CGO
LEI,MAD
SJU,JFK
PDL,FNC
POP,LRM
DTM,ONQ
DXB,ADL
MUC,ESB
FAT,SAN
ATL,ABY
MSY,JFK
JNB,PHW
HAS,DMM
CDG,FDF
GCI,NWI
DZA,HAH
LIM,CUZ
CDG,BEY
LYS,LRT
TSN,CKG
ATL,DEN
BGY,LWO
VIE,SKG
CDG,ORD
LOP,KOE
DBV,DUS
DME,GOJ
LCY,FRA
LPB,CBB
BRU,JFK
AGP,OVD
HRB,CGO
PHL,AVP
ELQ,CAI
PIT,PHX
PEN,MYY
CMN,CDG
EDI,WIC
VXC,APL
MIA,LHR
SGN,DLI
EIN,ATH
SLY,DME
SHA,BAV
MUX,LHE
CGO,SYX
VKO,VOZ
AMS,JNB
KSH,MHD
CAI,SVO
LWO,FCO
NCE,LBA
STN,AOI
AYT,GRZ
NRN,FUE
LED,TAS
BUD,GSE
CYS,DEN
CGN,BHX
BUD,MLA
PEK,PVG
HGH,SHE
LPA,AMS
EDI,HHN
ATL,PIT
CPH,SIN
PEK,RLK
FRA,IST
HKG,ORD
AUH,RUH
JFK,JED
JDO,GRU
XIY,TXN
KIX,FRA
MIA,ELH
CCU,BKK
JER,CWL
XIY,CTU
CGK,JED
BEG,OTP
BWI,PVD
JED,MXP
ZUH,CTU
YIC,KMG
SNO,DMK
MUC,AGP
BGW,ESB
XIY,TPE
VXE,LIS
BCN,ZRH
YZS,YUT
GUW,SCO
ELP,ATL
ADB,MUC
MAD,BOS
INH,MPM
SMF,LAX
HKG,POM
BRU,BOM
SEA,JFK
BWI,BDL
ZRH,NBO
ALC,TRF
ARN,TLL
HGH,CGO
LYS,MLA
SZX,YCU
ANF,SCL
TUN,LYS
SJD,ATL
EVN,CEK
MYY,LKH
DCA,MSY
RBR,CZS
SLC,JFK
PUS,VVO
CLT,PBI
LYS,NCE
FRS,GUA
OSL,DUS
UIO,BOG
PUS,MNL
LKO,DXB
GRU,YYZ
LOE,DMK
KUL,MAA
MSY,LAX
GVA,OTP
IND,TTN
CEB,DGT
PRG,PSA
PBO,PER
MKE,LAX
LST,BWT
LOS,DLA
MCT,KHS
HNL,SMF
MPL,DUS
MDW,BNA
SFO,GDL
DSM,ATL
SYD,NRT
AGP,VST
SHJ,SVX
DJE,SXF
HGH,KWE
ACC,LFW
MLA,NCL
ZHA,SZX
PAC,CHX
IXR,BOM
PVD,FLL
XNA,DFW
PLM,CGK
ROS,AEP
GYD,DME
SVX,TJU
MQP,LVI
EWR,PHX
MRS,GSE
TAO,SZX
ZRH,CGN
BHO,BOM
LGA,YYZ
SFO,AUS
SHE,TPE
FUK,PVG
VRA,YYC
YYZ,ROC
BRU,DEL
RUH,SAW
DPS,SIN
IST,LYS
BOM,UDR
BMA,KLR
RUN,DZA
CAN,TXN
BLR,BOM
DEN,MEM
NRT,ORD
SEA,TPE
PNQ,GOI
ITM,GAJ
SAN,CLT
ICN,KMI
CUR,POS
PEK,RGN
LPB,SRE
ATH,DXB
MEX,CDG
LGA,ORF
FRU,LED
WNZ,TNA
MEX,CUN
LPA,LTN
WAW,DSA
JJN,CSX
YVR,IAH
MSY,ATL
CWB,IGU
OTP,LTN
RUH,EAM
OUA,IST
HAN,TPE
PRG,LIN
YNT,HRB
HAJ,IBZ
SHE,PVG
SZX,TYN
BQL,ISA
SHE,CJU
RUH,DAC
MFM,CKG
AUS,ELP
NCE,VCE
HET,TGO
NMA,GOJ
BEL,PBM
DUB,LHR
BRU,NAP
ATL,ELP
STN,KIR
LPA,EMA
GLA,EWR
DFW,ROW
AMS,LIS
CDG,BIQ
CGN,KVA
BOS,DEN
SOQ,FKQ
CVG,STL
DFW,PDX
ORD,BWI
LCY,NTE
ATL,BWI
KLV,SVO
CGO,HET
BWI,LAX
LHW,YCU
KUF,EVN
YQD,YWG
BCN,EDI
SIN,CDG
SHA,URC
SDU,RAO
MIA,LHR
DOK,LCA
LHR,ZRH
MJD,KHI
BKK,UTH
YYZ,NRT
TSN,HRB
NRL,NDY
MAD,SJO
TYS,DCA
SIN,REP
BHX,NCE
KMG,SJW
IAD,STL
HND,TAK
FAT,LAX
MCT,LHR
ALC,MAN
CAN,SGN
OXB,CMN
PDX,SJC
WMI,EMA
BHX,KTW
DCA,BOS
STL,YYZ
EWR,ORD
ICN,NRT
ABQ,DEN
OTP,VIE
ATL,BOS
PHX,BUR
SMF,OGG
FWA,ORD
SPU,FRA
MDG,ICN
ZHA,CTU
CKG,KWL
MIA,FRA
OBU,OTZ
LAS,AZA
BDJ,JOG
ABV,NIM
YQT,YYZ
OSL,WAW
CEB,BXU
PVD,PHL
CUN,SCL
ORN,TUN
ICN,YVR
DEL,DED
DEL,BOM
EBA,ACH
KWL,TSN
ZAG,SVO
HKG,MUC
TIJ,AGU
FAE,BGO
TPE,CSX
FRU,DYU
JNB,LBV
RAP,DFW
AMM,FCO
ELP,LAS
PEN,SZB
KUL,DPS
KWE,CTU
HLD,PEK
SZX,DPS
UUD,OVB
TLL,VNO
FNC,LIS
HKG,PEN
CGO,NNG
TPE,ROR
LGW,MLE
JNB,KGL
CEB,BCD
KLO,PUS
HKG,HGH
WUH,XIY
ISP,SNA
DTW,MBJ
BCI,LRE
PDX,SFO
JBQ,AUA
JED,AMM
EDI,KEF
DEN,FLL
MIA,DUS
FRA,SGN
FRA,SKG
ZPB,MSA
WAW,ZRH
YRT,YTH
CCS,FRA
JFK,YUL
YYZ,YWG
CAN,HGH
YYT,YYZ
ATL,COS
XIY,WNZ
BBO,JIB
BSL,CDG
CDG,ABJ
LGW,PFO
ORD,TXL
DUS,CTA
ANC,SCC
CKG,SYX
BOS,YHZ
VKO,FRA
JQA,JAV
BTV,EWR
NRN,OPO
HFE,TYN
ATH,TXL
ALB,OGS
LHR,MUC
KUL,PEN
FRA,DEN
FWA,ORD
NSI,CDG
BYC,SRZ
BEG,SAW
LAD,FIH
VLC,SDR
LHR,PHX
VLC,IBZ
ORD,ATL
KMG,SIN
DUB,ZRH
IAH,SDF
DEL,JED
ZNZ,NBO
DLM,HAM
CTA,LIN
MUC,FRA
AUH,SIN
SIN,PVG
HKG,SYX
TPE,HKG
SXF,ORY
PMI,MXP
KHI,SHJ
TXN,CKG
SIN,HKG
GOT,FCO
CTU,AUH
HME,LGW
EMA,DLM
SYD,MEL
NAS,DFW
KRK,MUC
PAD,AYT
GIG,JFK
BUD,ATH
MRS,BLJ
YUL,CUN
KNX,PER
YVR,YPW
MSP,BWI
LBD,SVX
DXB,BAH
AMS,MAN
DUB,WAW
EZE,COR
NBC,SVO
CTA,LGW
ICN,HND
OOL,MEL
DCA,ATL
MIA,LAX
CIA,VLC
FUE,LGW
LHR,SFO
IBZ,ORY
TSN,CTU
IAH,NRT
DEN,BIS
BOS,SEA
CTS,HND
HVB,BNE
SIN,HKG
MRU,BOM
CGO,TSN
CKG,KMG
AGP,VKO
FRA,SFO
HAK,CTU
GSO,ATL
LHR,JED
PIT,PUJ
DPS,DRW
LAE,HGU
ARN,ADD
RIX,ZRH
MRS,TUN
KUL,ICN
FLL,BUF
DJJ,TIM
HKD,ITM
LGW,TPA
ICN,TAS
ORD,AMM
CAG,GVA
SSA,FOR
GOI,BOM
AEP,CWB
HRE,LUN
SHA,TXN
BON,AMS
LYS,CMN
PVG,MFM
PJM,SJO
LOS,JNB
ICN,PEK
ROP,GUM
AMS,SXF
AUS,OAK
KJA,KHV
YVO,YKU
MEL,BNE
BRS,BLQ
KUN,EDI
KER,ZAH
HYA,ACK
KRK,DTM
YXE,YEG
GPT,CLT
DCM,AGF
MAN,MUC
BKO,LIS
ALC,GOT
GJT,SLC
MKQ,DJJ
NKG,INC
EWR,HKG
DYG,NKG
REU,BFS
FUK,ICN
FEZ,CRL
CNS,GOV
CLJ,BLQ
IBZ,MAN
CWB,XAP
MST,TFS
MAD,STN
BNA,CVG
CLE,SFO
BKK,MAD
YYC,YYJ
EVN,CDG
MIR,TIP
KUL,CAN
KWL,NGB
CCU,IXS
GNY,IST
SFO,FLL
CGK,JOG
KBP,RIX
SWA,SHA
ATH,IEV
BWI,ALB
SIN,CKG
STR,IBZ
VNO,CHQ
BVA,WRO
KBP,KIV
ICN,REP
DFW,OKC
AMD,MAA
SCU,FCO
MLI,ORD
HRG,ZRH
PVG,RMQ
VIE,EBL
YYT,YHZ
SCL,CJC
SHA,JJN
HGH,CTU
VAK,SCM
RJK,SPU
BQN,JFK
LIL,MPL
BQL,BEU
URC,KCA
MXP,LUX
SAH,KRT
IAH,ORD
SGO,CMA
TXL,VNO
OPO,FRA
FUE,TFN
VIE,TLV
AMM,JED
NKG,SZX
REC,GRU
RUH,CMB
WUH,ZUH
SSA,BRA
TRN,FCO
CHA,PIE
BOO,MJF
EMA,MAH
KWM,CNS
PVR,ORD
TIP,TUN
CAI,DAR
LIL,OPO
SUB,TRK
LYS,MAD
ONT,DEN
MAA,RUH
XIY,SJW
IST,LUX
LFT,IAH
LHR,GLA
GIG,MIA
MEM,ATL
TRN,PMO
PER,GET
GRU,JFK
IKA,CAN
MUC,SVX
SSG,CMN
CLT,SFO
ORF,DFW
TJM,NUX
NOC,MAN
PSA,LPA
ADD,NBO
VAW,KKN
DUB,ORD
MUC,MAN
FLL,GGT
PUS,PVG
DUS,ATL
TXL,BUD
DFW,SLC
GOA,FCO
HNL,LAS
YYC,NRT
XMN,WXN
MIA,SSA
AKL,BHE
BHD,SOU
SKG,RHO
VIE,KRR
LAX,MSP
CJU,GMP
GMP,HND
SVX,EVN
YYZ,SEA
KGI,MEL
LGW,RAK
SDU,CGH
NRT,SFO
MAO,MIA
DCA,TPA
ALF,OSL
AUH,YYZ
GND,JFK
LAX,YVR
LHR,BHD
MEM,ATL
BKK,TNR
LUN,WDH
ALC,AMS
MEX,HAV
ALC,LBA
PVG,DAX
CLE,SDF
LUX,LPA
SVB,WMN
ABE,CLT
SAW,KWI
BOS,AUS
CJB,BLR
IKA,ISU
LIN,AMS
BRU,HER
DUB,CDG
LUX,NAP
NKG,XMN
CAI,RMF
AUA,CCS
CNS,BNE
MKE,ATL
KIS,EDL
BGO,SXF
CSX,INC
KHG,URC
XMN,TXN
BRU,ATL
ARN,BGW
SHA,XMN
TSN,KMG
MUC,NAP
CPH,LIS
ORD,CAK
SAN,PVR
ORY,MPL
NNG,XMN
YVR,YXT
BNE,PER
FNA,ACC
BKK,PNH
FEZ,BVA
SFO,CLE
YZG,YWB
CUN,YYZ
AUA,EWR
MCO,GRR
MCO,MAN
SIN,DPS
NHV,UAH
LSY,SYD
VIE,SKG
YOW,CLT
CLY,ORY
AUH,BLR
BKK,CAN
BRU,RAK
HKG,BKK
CPH,FRA
ATL,CAK
BKK,AUH
GLA,WAW
LHR,FNA
RNS,CDG
GRR,MCO
GYD,PRG
MGB,MEL
BLL,TFS
WWK,MAG
BKK,KUL
SIN,DRW
ESB,MUC
ART,ORD
FLS,LST
AYT,LGW
HAA,HFT
SPU,ZAG
NNG,SWA
PTY,JFK
LHR,PHX
ZRH,LTN
VIE,ATH
NCE,AMS
AEP,MDZ
RAI,LIS
CDG,CAI
CNJ,BNE
HKG,MXP
LAX,PVU
PEK,MNL
MUC,KRK
ATH,BCN
LBA,BGY
EMA,WMI
LBA,CPH
LYA,SHE
PHL,STL
HSN,PVG
STI,JFK
MKE,MCO
NBO,BRU
OVB,CIT
CDG,NKC
CGH,VIX
BOS,CVG
CFU,BLL
YUL,YYZ
MHD,ZAH
WUH,HET
ALF,VDS
DEL,BOM
AMM,LCA
BHX,FLR
FOR,CNF
ICN,MNL
YIW,HRB
FOC,ZUH
PHL,PDX
MYR,IAG
PPT,AKL
HTN,URC
AKU,CTU
SYD,PEK
PBI,IAH
LAX,ATL
KKJ,HND
SYD,LST
AUH,CGK
WRE,AKL
FLL,LIM
BHX,ACE
PEK,MUC
TPE,HAN
BTR,ATL
HKD,HND
SHE,HGH
ATL,MCO
UEL,MPM
PRN,LGW
EMA,BHD
FRA,RIX
CAN,DAD
VIE,OSL
CGK,PKU
BAV,PEK
AMA,DAL
BKK,CAI
KBL,MZR
STN,TRS
MCO,HPN
KWI,DEL
WNZ,KMG
LPB,AQP
SGC,KIV
TIJ,CUN
RDU,DFW
GRU,EZE
AMS,KGL
ORD,DUS
YUL,YYZ
WUA,HET
LIM,EZE
GYN,BSB
SYX,XMN
COQ,HLD
PDX,BIL
GHB,NAS
HAK,CAN
AEP,GRU
SIN,BWN
DAC,ZYL
OMS,DME
IAD,OMA
HFE,DLC
MIA,GIG
PHE,BME
LYS,CDG
OAJ,DCA
CVG,RDU
RAJ,BOM
CDG,AMS
OAK,LIH
WAA,OME
YGW,YUL
LKO,BLR
GMP,RSU
AMS,CPH
DEL,BOM
TXL,DUS
BGO,NCE
TAS,AZN
SDF,ORD
FRA,LAD
CDG,NCL
ORY,MIR
HEL,OSL
BDA,YYZ
FRW,GBE
SZX,CTU
HAM,NAP
MSP,LHR
ATL,MIA
PPT,AKL
NLD,MEX
AUH,MCT
AMS,BOS
SOF,BEG
CMH,LAX
NBO,JIB
VLN,BLA
SJW,XIY
CUN,MCO
PHL,SXM
SUB,MDC
CGO,DSN
TAE,PEK
PEK,SHA
DLC,TAO
TAO,WUH
HOR,LIS
TRD,BGO
FMO,ZRH
CAI,AMM
AYT,DRS
VCE,AMS
YXU,YYC
CHC,PPQ
CJU,HKG
SAV,JFK
SNA,ORD
HNA,NKM
KGS,KUN
MSY,BWI
PEK,ALA
DJE,NTE
VTZ,BLR
NAP,VIE
ASU,SCL
JKL,LRS
HGH,XIY
KRS,TRD
FCO,DUB
HND,CGK
ICN,HEL
LIT,PHX
BCN,BUD
OSL,FRO
POS,MIA
MHQ,ARN
SXM,CUR
EWR,TYS
AMM,JFK
GRU,EZE
CLT,LGA
LAX,MSP
SOF,ZRH
BOS,RAI
SVX,OSS
UBJ,HND
FNT,BWI
SDQ,MIA
OTP,LCA
PMI,GRZ
NDR,BCN
BKI,HKG
HAN,VTE
TPE,XIY
PER,ALH
LIR,SAL
CTS,NGO
LAS,ATL
CMB,KWI
CSX,XIY
LIS,PIX
HND,KKJ
FBM,NBO
CTA,ZRH
WNZ,SHE
AKL,NAN
HUI,SGN
CMB,KUL
DAR,NBO
LIS,ZRH
URC,ISB
TUN,TOB
EBL,BEY
ATL,BWI
BKI,CGK
TXL,BHX
DNK,BUS
XIY,LJG
DFW,AMS
ORY,LHR
PRG,CDG
YVR,YYJ
MUC,DUS
ALC,TXL
CCU,PAT
AKL,ADL
TSN,SZX
BEY,LCA
LAS,CLE
PHX,STL
TUN,NTE
SAW,TIA
SHA,XMN
PEK,URC
SYY,ABZ
DUS,CPH
STL,DCA
LHR,PRG
FRA,SZG
CTU,XIY
XIY,BHY
AGP,MAN
RSH,KLG
AEP,RGL
PEK,CKG
RDU,ATL
ISB,MED
JED,GXF
RUH,CCJ
LGA,LIT
JFK,JNB
NSK,SVX
FUK,TAO
CAN,URC
BEN,IST
EAM,RUH
IST,BGW
PRG,STN
NCL,DUB
ARN,SFT
KRK,WAW
MAN,FNC
TPE,SHE
KSJ,AOK
IST,BEY
SLU,DOM
BOM,TRV
CGO,DLC
LPA,SVQ
GAL,RBY
ILO,MNL
DXB,IST
PTP,ORY
SIN,RGN
DXB,KDH
YFB,YTE
OSD,ARN
SJO,TGU
RAP,DEN
BNA,PHX
CUU,DFW
LOP,SIN
CPT,HLA
RDU,LAX
COO,BKO
LAX,MEX
DXB,LAX
HKG,ILO
ATL,CDG
TSN,WUH
SOF,LHR
CDG,PRG
STL,LAX
SLC,SJC
PIK,MLA
KWL,HGH
NAG,CCU
PHX,FLG
SLC,SAT
MIA,SFO
LPL,NOC
AHO,HHN
KMG,DSN
XIY,TNA
ADD,BKK
PVG,HKT
JFK,BCN
BKK,KBV
XIY,SJW
SHJ,BSR
MSP,DCA
COS,DEN
WDH,WVB
BOM,NAG
LYA,DLC
CCU,IXB
FCO,YYZ
LPA,FNC
ARN,VCE
BUD,CPH
SBH,PTP
SFO,SBP
TIA,MUC
GRW,TER
AUS,MDW
ATL,CAK
MIR,ORY
CGO,HRB
SXM,SAB
JER,AMS
NRT,PVG
DUS,AYT
NKG,SZX
MAN,ACE
HUY,ABZ
SHJ,SKT
BEG,LCA
MAR,AUA
KIN,PTY
SXF,BGO
DFW,DEN
LAX,OAK
XIY,CTU
STN,HAU
LEJ,RHO
BUD,EIN
PHL,DFW
SFO,COS
FRA,KUL
PRG,CPH
YXU,ORD
KRK,VIE
LED,SCW
MUC,AGA
DCA,CRW
OVB,MJZ
KMG,CAN
CTU,LHW
IDR,RPR
KIH,IFN
DXB,BNE
IAH,LAX
PER,ASP
KCH,MYY
TNA,LHW
WMI,WRO
SAN,BOS
CHC,MEL
KZN,AYT
LIS,DUB
CPH,BRU
SSH,JED
RGN,KUL
HAV,AMS
BJL,DKR
HAM,LGW
CPH,ZAG
MUX,MED
ATL,RIC
BKK,TPE
IND,ORD
FCO,ALC
VIE,BSL
PLS,YUL
DUB,RAK
ATL,DUS
MCO,MEX
MQL,ADL
LAX,PTY
TSF,PRG
CBQ,ABV
MLM,SFO
GVA,HAM
AUA,PHL
LPA,LIS
SWA,SHA
YVR,LAX
MAN,PMI
CAN,TSN
SLC,FAR
WUH,TPE
FCO,EWR
KTM,ICN
DEL,LKO
MID,MEX
MXP,FOR
DXB,GRU
JFK,PLS
WUX,DLC
SDF,ATL
KJA,SKD
KRL,URC
SVO,YKS
BNE,POM
DWC,KUF
BNA,MKL
ACC,LOS
TAO,HFE
HLZ,CHC
GVA,OLB
SYX,WUX
TXL,OTP
KWI,BOM
TFS,GVA
KRK,MUC
TPE,KIX
BKK,NRT
SAH,BEY
TRF,AGP
KWI,SAW
IST,AUH
TPE,HRB
ORY,TLM
MAN,MBJ
MAN,SPU
PHF,CLT
OOL,ISA
DME,UGC
ABZ,AMS
IDA,DEN
MDW,MSY
BON,IAH
NAS,ATC
CCU,IXR
RIB,TDD
CKS,MAB
ASF,DME
OSL,LPA
ZRH,DEL
GYE,AMS
SVQ,TLS
OZH,IEV
PNS,DCA
XNN,LXA
NKG,JJN
LLI,GDQ
RAK,NCE
MUC,BRU
VCP,MGF
BHX,DUB
BEG,CRL
EIN,DUB
TSV,MEL
KWI,HBE
CAN,TAO
OPO,FCO
PDX,ORD
MSQ,LGW
LBD,KJA
CGN,CAG
TNA,HGH
BAV,TSN
PEK,SYX
CUC,MDE
CHQ,CPH
BOS,CUN
DLU,KMG
RFP,BOB
LUX,AGP
YXN,YRT
CTU,WUX
BSB,MAO
BGY,EIN
TIP,LAQ
BLL,CHQ
PMY,AEP
TPE,CGK
PUY,HHN
BHY,PEK
PVG,DLC
PIR,ATY
KUL,HKT
ATL,CAE
SBP,PHX
SSH,LTN
THR,MED
ZRH,MCT
DUS,BEG
JOG,CGK
EVN,VOG
BCN,SCQ
SDQ,SXM
TPA,HPN
YZV,YNA
MCT,CMB
SIN,DAC
LHE,BAH
DKR,ACC
ATL,AGS
XSC,PLS
AMS,LIS
MBJ,YHZ
PBG,FLL
CAN,HET
LAS,BHM
ATL,CLE
BRU,AYT
BKK,HKG
BOS,IAH
GIB,BHX
HND,HNL
CNS,WEI
PMI,MAH
AAE,CDG
BIA,HAM
HND,MMB
AMS,LHR
DFW,GPT
GMP,KIX
BHQ,SYD
UUS,KHV
BCN,IBZ
PMW,BSB
MSY,DEN
TXL,BEG
PHL,LAS
SHJ,TIF
AYT,FDH
THR,KHD
LAS,LGW
CTU,SYX
ACE,STN
HKG,BKK
HND,TOY
SLC,DCA
NNG,XIY
TBU,AKL
PVD,MCO
LJG,KMG
INN,VIE
OUA,LFW
LHR,TXL
LHR,IAD
MRS,MXP
LIS,BUD
POA,XAP
DME,PES
NRT,BKK
PUF,MRS
TBZ,IST
SAV,EWR
HAJ,HER
NRT,DEL
GUA,FRS
ZAT,KMG
BLQ,SUF
TAO,DLC
SUX,ORD
HSG,PVG
IST,MUC
SKT,SHJ
DUB,CPH
AUH,MCT
BVA,CLJ
ATL,TUL
BTH,CGK
SIN,BKI
MED,DXB
SYD,BNK
SEA,SMF
CGN,TXL
CMN,LGW
CEE,LED
LGW,GIB
TJA,LPB
BZL,DAC
GEA,KNQ
CUN,MTY
VCE,HAJ
PEN,DMK
ICN,SFO
XMN,HKG
EZS,SAW
BNE,CNS
DUS,FUE
XUZ,INC
BOB,RFP
EDI,HAM
DBV,BHX
PVG,CGQ
TRI,SFB
YFB,YUX
FRA,EWR
USM,SIN
WUH,CGQ
KHV,GDX
RAB,POM
SAL,MGA
JED,FRA
ATH,FRA
KMG,PVG
CTU,WUH
ACE,FUE
ZRH,CTA
BKK,HEL
HET,DLC
CDG,BSL
FRA,ATL
DAV,PAC
MMX,BMA
MCO,BNA
CLT,MSP
KRT,ASM
JNG,CAN
ADQ,AKK
HAM,ADB
PHX,DFW
PSA,TIA
BDL,MDW
STL,SEA
JNB,ELS
HUI,SGN
BEG,SPU
CPH,EDI
BLQ,FCO
HAM,BGO
IMF,IXS
BRU,ABJ
FRA,LCA
CFS,MEL
ORY,PMI
LGW,OPO
TXN,TPE
DEN,LAX
DLC,NRT
SIN,BLR
CAN,ICN
MAO,STM
SVO,VNO
LHW,CGO
KIV,VRN
ATL,PHL
BCN,ARN
MRU,SEZ
GRR,ATL
DAX,PEK
DFW,ACT
SVQ,LIS
TSE,ALA
BRE,TSF
SYX,HGH
FCO,GVA
LPA,LBA
PHX,DTW
CDG,CPH
XIY,TNA
BTH,SZB
JHG,KMG
PHL,DFW
BKK,MCT
CLT,SJU
BEG,MMX
ATL,IAD
LAX,OGG
PHL,MHT
PMI,FKB
BJL,DKR
BRU,AOE
BAQ,CLO
PIT,ORD
JAX,MDW
WUH,LYG
CPH,VCE
SKG,DUS
SZX,HGH
LIS,AGP
MDE,UIO
ICN,CGK
ORD,LAX
ABE,ATL
STR,AGP
NGO,BKK
PBI,LAX
HGH,LHW
CPT,JNB
XIY,DYG
KUN,PFO
IST,URC
DUB,YYZ
HRI,CMB
LJG,CTU
DEL,DXB
SFO,LGB
UPG,SUB
KNH,RMQ
BVA,BZR
FIH,BZV
STN,SNN
SJJ,CPH
BME,SYD
BOG,GRU
EVN,ROV
JHG,KMG
HRB,TAO
ATL,FSM
GRX,BCN
STT,EIS
BKK,LPQ
USH,AEP
NYO,WMI
BOG,PUU
LBD,URC
VEE,FYU
MSY,MDW
ODO,IKT
IXB,DEL
ENE,LBJ
MAD,GRX
PDX,MDW
MEL,BKK
BPN,BDJ
SVQ,BCN
FCO,MXP
RAR,SYD
WNZ,TNA
SAF,DFW
MDW,OMA
LHR,AGP
PDX,SJC
XRY,HAM
YUL,ORD
DCA,IND
OLC,TFF
PRG,MSQ
QSF,LYS
PVG,TGO
AMM,FCO
AMS,DMM
GIG,BSB
AGP,BGY
LIS,LUX
URC,CGO
FRA,KRK
PHL,FLL
DCA,CAK
BDL,YUL
CZX,SZX
SSA,MCZ
EIS,SJU
LPA,CDG
EIN,FAO
ALC,LGW
EZS,ESB
SZX,TSN
MAN,GOT
LGW,ACE
MIA,YUL
GRU,CWB
TPE,INC
EOH,BOG
RDU,HOU
CFS,SYD
DXB,IKA
AGP,CPH
LAX,LHR
SAL,LIM
ATL,IAH
SVX,RTW
BUD,IST
MAD,LCY
PVG,TOY
ATH,HEL
TPE,KMQ
FRA,ICN
TXL,LUX
YZV,YYY
YVR,NRT
VIE,MSQ
IXB,CCU
ORY,TXL
ATH,PRG
BGY,WAW
ATL,SAN
LYS,TLS
MAR,AUA
SZB,USM
NVT,GIG
TFS,SXF
PTU,BET
SHA,LZH
YHZ,YYT
DBV,MUC
BOD,TUN
MIG,KMG
PBC,MTY
DBV,VCE
LAX,MKE
CMN,LYS
SYD,DRW
BHX,ADB
ALS,DEN
PDX,BOS
MCO,SAL
MCO,SJU
SHE,SZX
LYA,BHY
YRG,YYR
CGN,KGS
SFO,LHR
MIA,BDL
OPS,CGB
MAN,EWR
SFO,PHX
XIL,HET
FLL,NAS
BOS,PLS
KMG,HGH
YUL,LIS
MAA,BOM
VIE,TXL
UIH,HAN
CGR,CGH
CMN,FNA
MSQ,KGD
HKG,SIN
HKG,XIY
DUB,BUD
MUC,FNC
BDS,GRO
HAN,PXU
NRT,TAO
DAC,SIN
AMD,AUH
YUL,CLT
RIX,JFK
BGY,SOF
LPA,LUX
BDO,SIN
AMD,DEL
STN,FKB
GEV,ARN
CNF,AEP
BNE,HNL
DEL,AMD
LCY,BVE
ADD,DEL
ORD,MSY
MAA,RUN
OTZ,OME
ALG,NIM
TXL,FNC
PMI,LGW
CKG,NAY
BGO,BOO
TPA,MDW
DYU,DXB
DUB,MAD
STT,JFK
BWA,KTM
MJV,OSL
KRR,TAS
LGW,KEF
ERM,JCB
SVO,BCN
MUC,PEK
SXM,DOM
SLH,SON
RHO,MAN
YSJ,YHZ
NGB,CGQ
SUB,DPS
ARN,PUY
IXJ,SXR
HAM,TLS
SAH,ADE
LCA,MLA
MSP,PHL
HKG,XMN
JNB,BOM
AUH,SYD
PMI,TLS
CPO,SCL
LAX,SJC
SFB,TRI
ILM,PHL
YKS,ULK
CMN,ALG
JFK,BCN
LPA,SVQ
AGP,DTM
MEM,AUS
CDG,KRK
STL,BRL
OTZ,BKC
KWE,SWA
CTU,HGH
LTN,LJU
KHG,URC
UYN,TSN
DUS,BUD
LGW,FCO
BOS,MCO
LCG,LHR
BCN,RGS
HLD,HET
POM,HIR
NNG,PEK
CLT,CDG
LGW,OLB
COR,EZE
BTI,FYU
CAN,DLC
MRS,IBZ
RIX,TRD
TUS,LAX
XIY,TNA
CAN,CTU
ERN,TFF
WAW,OSL
LIM,AQP
LGA,TYS
LGA,YYZ
CLT,BDL
DSN,TYN
CLT,ORF
ACE,FUE
BTH,SUB
DUS,HER
SIN,TAO
ALG,IST
IXC,DEL
VVI,TJA
ATH,MJT
KMG,TNA
FLL,BOG
VTZ,MAA
DFW,TPA
TLV,MAD
MSP,MCO
TLV,SAW
TRN,AHO
EIN,KRK
OSL,SSJ
AGP,SCQ
PIT,DFW
CGN,HER
EZE,ASU
HEL,BMA
MAR,VLN
LBV,FIH
NTE,BIA
HYN,PEK
YYZ,SNU
NGS,IKI
KBP,GYD
BGO,KSU
MSY,ORD
DEL,DXB
PHL,ORF
KUF,FRA
SHE,CKG
CPT,JNB
FRA,ATL
AGP,LGW
KUL,MYY
ZRH,ATH
TFS,MUC
BHV,LHE
ACE,BLQ
RHO,CGN
TAO,JNZ
PIK,FAO
SAP,SJO
PMO,CTA
AUH,IAD
KUL,USM
EWR,DFW
BOG,CUC
STN,BOD
ALC,DUB
PUJ,PTY
GYE,MAD
FPO,CLT
BHX,ACE
LGW,PFO
LAS,BZN
SFO,CLT
PTY,TGU
SIN,CMB
CMB,TRV
PES,DME
URC,HMI
BNE,HBA
DPS,BPN
CGK,SRG
TYN,KMG
DEN,SEA
KJA,PEK
EWR,BFS
JAN,DCA
DME,GYD
IST,ZRH
RGN,KMG
DLC,NKG
BOM,IXJ
NMA,DME
XMN,CSX
SFO,RDU
YYC,ORD
ADD,MPM
PGD,SGF
HFE,SZX
KYA,SAW
IAD,YYZ
TLS,XFW
AMS,SXB
ANF,CJC
FRA,KBP
PMI,BLK
TNA,CKG
DLC,HGH
CRK,HKG
DAL,MSY
YYZ,YYC
VKT,DME
FRA,TRN
GSO,ATL
BLR,IXE
ICN,TNA
DEL,ATQ
HGA,MGQ
SJU,ATL
HKT,DME
MIA,NAS
SZX,SHA
HGH,SZX
CMN,VLC
BLQ,VLC
RSW,ATL
PVG,MFM
DLC,NKG
NRT,GUM
BNE,BKQ
GOA,STN
MCT,AUH
HND,FRA
MAB,BEL
SIN,ADL
LPL,GVA
XIY,TAO
MDW,MBJ
BUD,MLA
LPA,VIL
SZX,JJN
MUC,NAP
ICN,BKK
LPA,EIN
RTM,IST
NOC,LTN
JFK,PTY
ATH,SKG
PNS,DFW
CEB,DPL
TLV,VIE
HGH,CAN
LIN,CTA
SIN,KUL
CGO,HKG
CGN,HDF
KUL,LGK
HOU,SNA
BLR,HBX
BFJ,NAY
AXA,SXM
IOS,SSA
LXA,PEK
YVR,NRT
IND,RSW
SGN,SIN
ORN,OGX
NAN,SUV
KIV,OTP
ROR,MNL
SIN,BDO
BOS,BNA
YUL,ZRH
NAN,TBU
TSA,TYN
SEA,LAX
UTH,HKT
VIE,LPA
PHX,ABQ
LYS,FCO
FUG,HGH
XIY,DLC
YZF,YEG
PTY,LAX
BOS,SEA
AGP,SCQ
DPS,TMC
HDY,KUL
MIA,CDG
FRA,YVR
HKG,KTM
NBO,KGL
SFO,HKG
INV,AMS
KSU,SVG
MLA,BRS
BOD,LYS
PMI,MUC
YEG,MSP
SYD,MCY
GOV,DRW
SMF,MDW
KWE,KHN
XCH,CCK
EWR,MDW
DME,OVB
IXA,CCU
ORY,SVQ
BTH,TKG
TPE,DYG
YAM,YTZ
DEN,YMM
NAP,FCO
DEN,IAH
SYD,CAN
BOG,SMR
KHI,LYP
AWZ,THR
IAD,SCE
DEN,MSP
LYS,DUB
KWL,BHY
CTS,ICN
DYU,CEK
DXB,BOM
MNL,KLO
BKK,FRA
CPH,LGW
IST,RUH
PIK,AGP
BNE,HVB
YYZ,CCC
LAS,LHR
AKL,APW
FLL,DCA
ALB,EWR
CGN,PUY
SYD,PER
IFN,THR
LIS,MAD
TIF,RUH
YOW,FRA
HFE,CKG
DME,NRT
DPS,BNE
DXB,LGW
MAD,SVO
DFW,FRA
RDZ,DUB
MJF,SSJ
HER,GVA
CGO,XMN
TSH,FIH
KUL,NRT
CKG,HAK
PEK,LZH
PDX,OAK
MSP,FWA
YUL,IAD
DLG,ANC
XIY,DMK
ABZ,LHR
SFB,ABE
SIN,CGK
LEJ,ZRH
HER,JIK
DAL,HOU
KBP,OVB
CUN,VSA
TPA,MCI
NRT,LAX
CAN,CGK
MCO,AUS
TFS,GVA
CKG,TAO
DME,TIV
AXP,CRI
KWI,HBE
DXB,IKA
PHX,GEG
HSN,NAY
TJU,DME
MUC,ZAG
CUN,BOG
ATH,PHL
MIR,LYS
DEN,BOS
DUS,OLB
DNH,URC
ADD,KWI
SDF,JFK
FNJ,PEK
BSB,GIG
BOS,PQI
CAI,RUH
DPS,BMU
OKA,NGO
DME,NSK
KAJ,HEL
DMK,HDY
LHR,AMM
LED,AMS
NCL,MLA
CLY,SZG
SDJ,CTS
HSN,JJN
CDG,TLV
XAP,POA
HFE,XIY
ODS,KBP
MKY,ROK
CZX,KMG
CPH,BRE
BRU,RIX
THL,MDL
AUS,ATL
ORN,ALC
MEX,GUA
MJV,LGW
SHA,CAN
CEB,NRT
DXB,CCJ
AMS,PRG
AMQ,MKW
DXB,PRG
CEM,IRC
MGQ,HGA
LHR,ALG
LAD,MSZ
CAI,CMN
YFB,YTE
VIE,CTA
TYN,URC
HRB,CGO
EAM,DMM
RAK,LYS
BCN,HAJ
SZX,CTU
PRG,ARN
DRW,PER
ARN,PRG
ALW,SEA
YYZ,SJU
BGI,YYZ
DRW,MEL
NTE,FUE
LWB,IAD
CTU,HAK
SYZ,KER
MIA,LIR
IBZ,NRN
JAN,HOU
ODS,SVO
NKG,DLC
LKO,JED
ATL,SRQ
EWR,CLT
PEK,HNL
AGP,CGN
PUS,OKA
BRU,LEI
RUH,SSH
ADD,FRA
BEG,DUS
AUS,HRL
JED,SHJ
ORY,BGO
SAT,MTY
PSA,IBZ
MNL,NRT
LIN,BRU
NBO,KIS
HKT,AUH
CTA,DUS
CTU,LZY
NAY,CKG
KMG,CEI
WIL,UKA
NKC,CKY
AGP,GLA
ZRH,KRK
YVR,YUL
XMN,NRT
BVA,NYO
JED,DEL
CCU,DIB
PUJ,YUL
SYX,HKG
YKS,KJA
AUH,LHR
CGN,SZG
BSB,RBR
SGN,AUH
WNZ,HKG
CAN,CZX
CSX,SYX
ATL,PNS
LGW,PMO
KIN,JFK
OAK,LAS
XMN,KHH
BSB,AUX
TRF,CPH
WAW,KUT
MBJ,MDW
ORD,CDG
DPS,KUL
SHA,TSA
BOS,ORD
BHY,SJW
CPH,VIE
SAW,CMN
SZX,WNZ
BKK,BOM
JFK,BOS
HKG,HEL
BWI,PWM
KBP,LED
FAY,ATL
EBL,ARN
SUB,UPG
OUA,ABJ
NNY,HGH
MLI,MSP
DEN,FAR
INC,HRB
KOJ,KIX
HND,SEA
LIM,POA
HKG,PEK
SJW,TPE
DNK,IST
WLG,CHC
LPL,BFS
AGU,MEX
LHR,TSE
NCE,FRA
UYN,XIY
DLA,BZV
NBO,MGQ
DXB,HND
AUH,DUS
SKG,SKU
LCE,UII
GDN,FCO
SHP,PVG
CSX,FOC
CUE,GYE
AMS,SUF
ATL,LAX
LGW,DBV
PNH,HAN
EBL,ESB
EWR,MCO
SNA,SJD
HER,KGS
CGO,CKG
GYE,MAD
GBE,FRW
MAD,MVD
THR,RAS
SDF,CLT
IST,WAW
VCE,DBV
MEL,DPS
AYT,BLL
MAN,EDI
SVG,VNO
BKK,NRT
KGF,SVO
VCE,CDG
PLS,MIA
CAK,ATL
LAX,IND
YVR,YXE
MRV,RTW
NRT,CAN
RAK,BOD
PNQ,BOM
EBU,OPO
LGW,SZG
STL,MSP
TRF,PMI
EUG,LAX
RAO,UDI
FCO,TLS
LFT,ATL
DTW,GRU
CKG,NNG
PFO,MAN
HEL,AGP
TIJ,TPQ
IDR,DEL
TPE,KOJ
JFK,DXB
PFO,EMA
ZTH,ATH
APW,NAN
YMM,YYC
LIS,TLS
BKK,KBV
LIN,ORY
PEN,SIN
SZX,NGB
JFK,MCO
MLU,IAH
PVG,SYD
DFW,FSM
PVG,PNH
PSA,NCL
MHK,DFW
AEP,MDQ
PHL,JAX
FCO,LRM
TYN,HGH
MXP,PRG
HAM,PMI
DXB,TBZ
YIH,NGB
YVR,LHR
ATH,ADB
KHD,THR
CSX,HFE
PEK,CTS
SDU,SSA
VCP,PFB
LUX,TXL
ATL,SNA
ATL,CZM
HAM,VIE
ATL,DEN
KWL,HGH
SAF,LAX
BRI,MUC
DEN,TUL
GWT,TXL
ICN,KIX
PSA,SKG
KUL,SIN
MTY,BJX
JHG,CKG
YYZ,YYG
PEK,ARN
POA,NVT
BOG,BUN
YYT,FSP
FUK,OKA
HKG,DAC
PVD,ATL
PQQ,SYD
ADL,DXB
CKG,WUS
LGA,ORD
OTP,DXB
INC,XIY
CPH,BLL
DRW,SYD
IXS,GAU
GVA,LHR
ULN,COQ
BNA,MCI
FUK,KIX
BAV,SJW
KUL,BTU
DXB,LUN
MYT,MDL
KHN,NKG
MAD,CPH
HEL,NRT
CZL,LYS
CTU,NNY
MAD,NTE
FAO,CDG
FSP,YHZ
YSO,YMN
TGD,IST
LTN,IST
LGA,IAD
JFK,BDA
GSE,BUD
CGN,KTW
PDX,EUG
MAN,BLQ
AYT,STR
DIG,KMG
DUS,FDH
IAH,MTY
ABQ,ATL
PDP,AEP
HAM,HER
ORD,VIE
IQQ,LPB
JFK,LHR
ZRH,LIS
PER,BME
BHX,SSH
BHQ,DBO
HEL,MUC
CEB,DVO
HUH,RFP
BEY,CMN
KMG,CTU
NQN,AEP
SIN,CHC
CUZ,PEM
YBP,PVG
VVO,ICN
XMN,AMS
KGD,DME
BOG,CUN
CKG,CSX
SFO,RNO
RGK,DME
AMS,BGO
LYS,NTE
YHZ,BOS
HEL,MAD
CGN,OLB
STN,TFS
AZA,FWA
WAW,LPL
MXP,MRS
DXB,TUN
DFW,ATL
MLU,ATL
STR,FLR
CGN,LHR
HER,DRS
JPA,GRU
GLA,BRR
YUL,YQB
PVG,BHY
FRA,AUH
BDQ,BOM
MJT,RHO
TXL,LHR
AEP,PMY
SHA,SJW
TPE,XMN
CTU,SZX
AAL,BLL
ISB,KHI
HAM,VIE
CTA,VCE
CWB,IGU
TLV,JNB
OKA,KIJ
KUL,LHE
HAM,BRU
DCA,CLT
JUJ,AEP
RAK,CMN
ICN,TPE
PVG,CKG
MSY,MIA
STR,EWR
CDG,HKG
CAN,JZH
RNO,PHX
IEV,CGN
CUN,MEX
SXM,JFK
SZX,CTU
ILM,LGA
FRA,RUH
LED,OSL
GAU,CCU
CDG,CZL
DYG,NKG
CKG,NNG
PEN,HKG
ZRH,CPH
RCB,JNB
MEX,ATL
DEN,SEA
JFK,MSY
CAN,HAK
BHM,ATL
LGA,FLL
WAW,SOF
TYN,TXN
SLC,IAH
SVO,MXP
PBI,LGA
KWE,XMN
DFW,CUU
SHJ,MUX
NGO,PUS
HAK,CGO
FLN,AEP
BOG,EYP
LIM,MDE
CSX,KWE
FOR,GRU
ATH,AMS
BOM,JED
VCE,NAP
SEA,DEN
PDX,LAX
MCE,LAX
TPE,WUX
SAV,CLT
TRF,VNO
ADD,JIB
JER,ZRH
UPG,TTE
LPL,RHO
MHH,FLL
ABQ,IAH
DYU,IKA
PTY,POA
AMM,DMM
SAW,BRU
DFW,CMI
SIN,DPS
AMM,TXL
LGW,PSA
STR,TXL
EDI,SVG
GOT,BCN
YNT,KIX
ORD,YXE
ORD,TPA
NAS,ATL
MUC,SBZ
LPA,AGP
FMO,FRA
ISN,DEN
CTU,XIC
HFE,TAO
NEV,SKB
LGA,MSN
MUC,DUS
OAK,SLC
WUH,LZH
CTS,PVG
DMM,KHI
DUS,MJT
SLC,CLT
XBE,YXL
ADD,GDQ
SHA,FOC
OGG,LAX
YPY,YMM
LEA,PER
CUR,AMS
VIX,CNF
SAH,HOD
DMK,SUB
HNS,SGY
SYD,CBR
EXT,PMI
NCE,TRD
NAS,CLT
PRG,OSL
VIE,GRZ
BCN,PMO
PTY,DFW
NAS,MCO
CKG,SHE
FAO,GRQ
VFA,WDH
KWI,ISB
GIG,RAO
DCA,ORF
TBS,TLV
SAN,SEA
AUH,TRV
BOI,SJC
ABZ,NWI
CHA,DFW
SLC,SFO
GSO,PHL
VKO,TSE
LAX,YYZ
BZE,IAH
MSY,DTW
ULK,IKT
JED,CGK
CDG,OSR
BLR,FRA
TPA,BHM
BOS,NRT
OKC,LAX
PFO,MAN
LEJ,FUE
LGW,PEK
CRL,FSC
LPD,LET
GBE,LUN
DJG,OGX
DEN,MIA
SZX,LJG
FCO,TLV
TLC,LAS
CPT,DUR
GOI,BLR
LYG,NAY
JED,AQI
SCW,SVO
PDV,HHN
CZU,BOG
SJC,PDX
ORD,ICN
TAS,PEK
PLS,PHL
ZRH,TXL
VKO,FRA
PVG,LYI
AJA,MRS
CDG,NTE
ICN,BKK
SGC,DME
DFW,CUN
CJS,GDL
KOA,DEN
FAI,RBY
MAQ,DMK
IAD,MEX
SIN,PKU
YIH,SZX
OSL,BKK
IAD,MEX
MJZ,IKT
MDW,CMH
SAH,AAY
IKA,IST
URC,HMI
CLE,IAH
EMA,HER
HET,CGO
LIS,TMS
EMA,FAO
CTU,NKG
NGB,RMQ
DEN,FLL
BOS,SAN
DUB,LGW
MAD,ARN
UAK,GOH
HLD,HTA
ADA,IST
JNB,ADD
LCA,KIV
ALB,EWR
HGH,SYX
DME,HEL
TSF,BRS
SHA,WUS
PHX,SJC
HAV,LAD
TSN,CSX
CRL,RBA
CCS,MRD
CAK,ATL
YQB,YHU
IEV,VKO
BOM,HKG
HND,TKS
ARN,LUX
LGA,CMH
MFM,NNG
DEN,GTF
WLS,FUT
RIC,PHL
FNC,PDL
IND,FLL
SHE,HET
BHX,PMI
ORD,GCM
AUA,PHL
ZUM,YYR
MAN,TFS
CKG,KWE
PSO,BOG
DFW,YUL
ATQ,SXR
VIE,LWO
STN,HAJ
PEE,SVO
ZUH,KOW
EZE,GIG
SOU,EDI
NOJ,UFA
BOD,CDG
NUE,DUS
LAX,KOA
HAN,LPQ
SFB,GSO
LGA,ATL
JIK,ATH
LAP,GDL
PVG,HEL
KWL,NNG
HMO,PHX
ASP,SYD
BWI,CHS
OTP,OMR
MAN,DBV
TAO,SZX
BSB,MCZ
CKG,XNN
DKR,MXP
LGA,PBI
AMM,SHJ
CLT,STL
PEW,SHJ
DSN,TSN
DLM,FRA
MXP,MAN
ATL,BNA
BLA,CCS
LAX,MUC
FCO,VIE
DJE,SXB
PEK,SVO
KHH,HAN
FOC,TSA
PKC,KHV
YYZ,LHR
GRU,BPS
PUS,MNL
NTL,BNK
BGA,BOG
UPG,BUW
LHR,MUC
AGT,ASU
NRT,DME
CMH,FPO
CLT,MEX
SJW,SHE
CGN,RHO
FNC,LBA
CJB,CCJ
SZX,DLC
MAH,MAN
YEG,SFO
KUL,NNG
YZF,YHK
CCS,CUR
KCH,PNK
ORY,HER
VIX,CAW
KUL,BNE
HGH,YNT
MAD,BUD
RUH,AUH
HAU,OSL
LHR,IAH
OUZ,NDB
MUC,ORD
PRG,FCO
CTA,BRI
OAX,IAH
DFW,PBI
NAS,LGI
HAN,HKG
NGB,CTU
MIA,CUR
BRI,LIN
MOZ,PPT
FAO,RTM
TNA,CSX
DEN,FCA
KUL,PVG
AEP,RHD
AMS,SFB
KWE,MIG
SAV,DCA
NAP,HAM
YYZ,LIS
VIE,ROV
DYU,ALA
DNH,URC
AUS,DCA
LGW,FNC
SHE,PVG
MDW,MEM
KMG,MIG
NRT,CTS
SJO,PTY
YUL,YUY
TLV,SVX
LJG,JHG
IKA,ESB
VNO,ORK
MSP,FLL
JTR,ATH
KIX,FUK
AMS,AJA
PHX,LGB
SAW,KWI
ORD,FCO
BVA,GRO
NYO,GDN
ZRH,JFK
DLA,SSG
CWB,CGH
ATL,SLC
GLA,AYT
NRT,DLC
JNB,INH
SPU,FCO
ATL,FWA
JIB,ADD
YZV,YWK
DXB,KWI
STR,OLB
CGO,KMG
MSP,SFO
DVO,PPS
MXP,IST
ONT,SJC
IAD,ATL
PTY,SXM
SIN,SZB
NJC,HMA
CGK,PEK
NCL,PSA
JFK,YYZ
CIA,AGP
BEL,GRU
ORD,MIA
YWG,YYQ
WRO,SNN
LAX,MSY
YYC,YQF
VIE,CAI
TLC,CUN
RDU,IAD
FCO,SOF
FAO,BOH
KWE,XIY
CDG,BKK
LHW,CAN
LHR,DTW
BSB,CNF
AMS,ARN
CUN,PIT
SXF,AYT
AQG,CKG
BOH,PMI
LIS,AMS
WUZ,NNG
KHI,RUH
SAL,JFK
XIY,XMN
KRR,FEG
VCE,LED
YYQ,YWG
PTY,BOS
BOS,PDL
CUN,BOS
SHJ,CAI
CKG,TPE
HAK,PVG
TSF,NRN
KIX,TPE
SGN,HPH
BZV,FIH
DTW,BMI
DUS,GWT
KAN,LOS
BLR,LHR
ICN,DXB
YKL,YQB
TCQ,AQP
WIL,MRE
MED,AUH
FRA,GDN
FOC,CKG
FCO,CTA
MYY,JHB
YHI,YSY
TLV,PRG
IST,HRG
ATH,VCE
DEN,SEA
VPS,ATL
MUC,SKG
YUM,PHX
XIY,MIG
PAS,ATH
OSL,TLL
CTU,TXN
NVK,BOO
AJL,IMF
PEK,KWE
SJD,ATL
DXB,BKK
CLJ,CRL
HPN,DTW
FCO,ATH
FNA,CDG
LIL,DBV
JMK,LGW
OUA,ABJ
SIN,VTE
GOA,BCN
PKE,SYD
ARI,IQQ
HER,MJT
FRA,VIE
SAN,DEN
CUL,MEX
CCJ,DXB
PVK,AMS
BDO,KUL
KMG,LHW
OSL,GVA
FOC,NKG
HON,PIR
KWI,BAH
GIU,CMB
CNS,KIX
HPN,ORD
SHA,WNZ
CGN,AYT
SCQ,BIO
MUC,CTA
MIA,STI
XNN,URC
KIN,MBJ
PAP,PTY
AKP,BTT
ANR,LCY
BOG,FRA
CAN,CTU
BKK,PUS
BOG,UIB
FDF,CAY
GRU,FLN
TID,ALG
TYN,CAN
LYS,NTE
LIS,BLQ
BCN,SEN
HFE,XMN
KUH,CTS
SVG,GDN
RAB,HKN
TPA,PBI
BRU,ALC
THR,KIH
KUL,JHB
IAD,SAN
TYN,PUS
DXB,SLL
ORD,CMI
AKL,SFO
BRU,HEL
GOT,CDG
TUL,DFW
AUS,ATL
TPA,JAX
MIA,LPB
MLA,IST
YSB,YYB
PEK,UYN
WEF,SHE
SAV,ATL
OKA,FUK
TLN,ORY
DXB,LHR
SDF,MIA
FCO,VLC
VIE,VNO
DWC,RUH
IST,STR
CDG,ORD
CCJ,DXB
YIO,YCY
NRT,IAD
PTY,SJU
KHV,DME
HKT,HKG
SFO,BOI
SAN,RNO
MAA,IXZ
INC,XIY
FAO,HAJ
PIK,TFS
PUS,KIX
LGA,STL
CCC,YYZ
LAS,JFK
SFO,ORD
CSX,CTU
RGN,NYU
ROA,CLT
KRR,AER
TIA,GOA
CTU,SJW
LAX,HNL
CGP,JED
TXN,CAN
IST,BRU
AYT,ADB
DEL,SIN
CDG,BOM
CGK,JOG
JFK,LHR
SYD,ZQN
HRB,INC
HAN,ICN
YYZ,CAI
BMI,ATL
IKT,YKS
HKD,CTS
DPS,LOP
TXL,GRZ
FRE,HIR
ATL,TYS
OSL,SRP
NRN,PMO
LAX,TUS
TSN,SHA
NBO,MRU
LAX,IAD
FPO,CLT
BLR,CCU
ADB,AYT
XIY,CSX
BGI,POS
SIN,KCH
ADB,DIY
JOG,CGK
ORD,PEK
DLC,TPE
LTN,NCE
YIN,URC
ABZ,BHX
STR,ADB
KHN,PEK
DAD,ICN
URC,XIY
NYO,ALC
NBO,EBB
YBC,YYY
AAE,ALG
CKG,CGO
DAL,LBB
JTC,CGH
MAN,TFS
SLL,CCJ
HEA,KBL
PIT,MSP
IAD,ATL
PDX,YYC
MRD,CCS
IST,IFN
SAP,FLL
BLR,SIN
MAN,FUE
LYS,LIG
XIY,SYX
DXB,BUZ
SGN,MNL
HFE,KWE
UIO,GYE
LPI,CPH
RAI,BJL
AEP,ROS
PEK,URC
CTA,LGW
EBB,IST
CGB,VCP
SOU,AMS
JNU,HNH
YYZ,YQT
CTU,SHE
CMB,PEK
VGO,BCN
LXA,CTU
AUS,CLE
GRU,IAD
TJQ,CGK
AUS,BWI
YYC,LHR
TRV,MLE
MFM,PEK
LJG,KWE
SIN,DME
MKE,MSP
BOI,DEN
IST,KAN
TIA,ATH
NAY,BAV
FNC,LPA
GSP,ATL
LAX,FAT
HGH,BHY
BEY,ACC
VNO,ARN
ATL,FNT
LCG,BCN
LPA,NUE
AES,GDN
SLC,LAX
ICN,GUM
VIE,CFU
CAN,YBP
VRN,CDG
KBL,IST
XMN,XIY
TLS,FCO
PLU,POJ
KWL,FOC
CPH,YYZ
INC,WUH
FAO,LUX
LIR,LAX
ADD,JED
DTM,MUC
SFB,BTV
RTW,EVN
TUL,ATL
LCA,MAN
LGA,TPA
WLG,MEL
KLU,HAM
CDG,VXE
OAK,HNL
AMS,PVG
BTH,PLM
MHD,AWZ
FCO,OLB
TAO,SHE
VKO,AGP
LGW,MAD
MIA,FCO
MRU,DXB
LED,MUC
TLM,ORY
PHX,HMO
ITB,STM
WNZ,CTU
NRT,CMB
BKK,CDG
CGB,LDB
WUH,HGH
YZV,YWK
NRN,AHO
LAX,MSY
KRK,LGW
PDS,MEX
BCN,BHX
MCI,SEA
YPX,YVP
BEY,TUN
FOC,TNA
CLO,ESM
KWL,PVG
ACE,BHX
STN,PMO
LUO,LAD
FUK,PUS
MUC,HRG
TUN,FRA
SVO,HTA
MEL,CHC
AMS,SAW
LHR,MAD
ORD,BWI
ATL,LEX
ZAG,LHR
MAD,UIO
NBO,LOK
VDS,ALF
TSN,HRB
YHZ,YYZ
CMB,SHJ
NCE,CFR
TVU,SUV
GDL,CUU
BPL,URC
LHR,LBA
DTW,PBI
VIE,AMM
NRT,DXB
MSO,DEN
NCE,DUB
LAE,POM
SIN,KUL
KHN,CGO
OSL,ALF
ADB,EZS
SZX,SIN
CGN,ALG
VLC,ORY
SYX,SWA
PQC,SGN
LMP,PMO
HET,HLH
HAV,NAS
PMO,STN
