﻿source_airport,destination_airport
NNG,SZX
TAO,DLC
ACX,CKG
DAY,DFW
FUE,LEJ
CLT,BTR
CTU,KRL
CLE,DFW
ACC,TML
PFO,MAN
CCS,PTY
MAA,BLR
AGP,PIK
CDG,OSL
ICN,AMS
SVZ,CCS
PHX,SAT
HFE,NNG
ATH,CFU
VRA,YUL
IBZ,MUC
YQT,YXL
SEA,IAH
TSF,EIN
USM,HKG
LGB,SFO
HGH,KMG
MIA,SSA
MGQ,EBB
ACE,BHX
SVO,VVO
LAS,BWI
LDH,SYD
LAS,YVR
GOT,TXL
PHL,SFO
SBA,DEN
CTA,LGW
BKI,MNL
BRU,NTE
MRS,AGP
SFO,ZRH
BLR,COK
WUX,CAN
AHO,NYO
DXB,BUZ
XAP,POA
ORD,PAH
LRR,THR
CAN,JJN
BOM,PAT
KBP,HEL
MCI,DAL
PMI,BSL
JFK,PWM
DEN,CYS
HAM,DUS
KWE,CSX
DEL,PAT
TBP,LIM
UFA,KZN
CTU,HRB
BOM,IDR
VIE,JTR
LGA,CLE
MHH,PBI
TFN,BCN
DTW,ERI
CAN,HJJ
REC,NAT
YZF,YEG
CMH,RSW
CLT,IAH
LBA,TFS
ZYI,HAK
CAN,YCU
PRG,FCO
BRU,MRS
SVO,VAR
PTY,LAX
CTU,AKU
CEB,CRK
PEK,XMN
TLV,AMM
RHO,DUS
LIN,AHO
THL,HEH
SDF,DTW
AKL,BNE
CCS,PZO
CGN,IKA
FCO,BRU
TFS,GLA
FLN,CGH
GYE,BOG
FRA,AUH
NKG,CTU
BDL,FLL
BFS,BHX
TSE,FRA
ATL,PBI
FNC,LGW
BAQ,PTY
DKR,ABJ
BRI,LIN
NIM,OUA
GOT,BLE
MDT,ATL
ORD,DSM
CAN,XIY
HAN,ICN
WMI,BGY
ATL,MSY
CPH,VIE
COK,DEL
PEK,CDG
BOG,NVA
CUN,TAM
NRT,SPN
OTP,CDG
LCY,BES
TLV,BEG
IDA,SLC
MXL,GDL
MGA,SJO
NCL,ALC
MAN,BJV
VII,BMV
TAO,CGO
JFK,LAX
LOS,FRA
YNT,TNA
BNE,DRW
BLJ,ORY
MMX,VBY
CLT,CAE
DUB,KIV
TRD,SSJ
HGH,ZUH
GSO,DCA
EWR,ORY
MDW,DSM
PEK,CNX
XMN,TNA
BWI,ORD
FCO,MLA
KUL,SUB
AUH,MCT
NDR,BCN
SYR,CLE
HEL,LED
PHX,CUN
TYN,DYG
BRI,OTP
KHN,CKG
BLR,BKK
SVQ,BLQ
VVO,PKC
VKO,TBW
TPE,TAO
RAS,BND
EWR,STT
HBE,JED
DEL,DAC
ARN,MHQ
DME,STW
TYN,PUS
LCH,DFW
DPS,SIN
ITM,KMJ
EIN,INN
ZAG,TXL
HPH,SGN
CLE,PHX
RDU,JFK
CMH,JFK
AMM,DMM
OKC,MSP
TPE,FOC
HAM,PRN
NCE,TLS
ATL,ORD
HET,HLD
JFK,SFO
CBB,TJA
CMB,RUH
BRU,FRA
JSU,SFJ
SYD,DPS
ULB,CCV
ICN,HKG
MEX,ZIH
GOT,BRU
MHD,ADU
BRU,MUC
LBA,MLA
TSN,CSX
APO,EOH
VBY,ARN
ATL,IAD
HKG,FUK
BCN,VCE
BUD,DUB
MUC,MEX
PEK,ALG
MXP,PEK
GSE,VBY
ABJ,CKY
SOF,BVA
HAM,NAP
SSA,VIX
GIZ,JED
OSL,LCA
AKU,CTU
MEM,ATL
BCN,GOT
LHW,CAN
MSP,RSW
VIE,MAD
AMS,ALA
ZRH,RMF
MXP,MCT
SDU,POA
SHE,XUZ
BWI,PHL
XIY,SHA
DJE,LIL
RTM,PMI
SCO,GYD
ODS,SHJ
RUH,FCO
BHV,ISB
PVG,SHE
ORD,JAX
BKK,SGN
SHJ,DAC
KBL,DXB
NCL,PFO
ORD,ATL
BKK,NRT
DLA,BRU
GUM,PUS
ZRH,PHL
ATL,IAD
YSG,YZF
DJJ,OKL
SJD,CUL
BWN,MNL
ECN,IST
MDE,BGA
GDL,MTY
TMP,ARN
ATH,SKU
DEL,AMS
CGR,BSB
GOI,BLR
RIC,FLL
DXB,KRT
HEL,CDG
BLR,GOI
YTY,WUH
DEN,MKE
CDG,ATL
NAS,BWI
SHE,ICN
EWR,ORY
BRU,OPO
FCO,BOD
SKP,VIE
BRU,EDI
JFK,PSE
FAO,DUS
SEA,YVR
LYI,DLC
KUL,AOR
BRU,DLA
SYD,HBA
DYU,REN
LHR,DEL
BLR,MAA
FLN,GIG
PMV,CCS
KWE,SHA
HBA,MEL
FCO,KIV
MFM,SHA
ACE,MUC
CLT,PVD
DZA,HAH
TIF,DXB
DUS,TUN
BRU,KBP
PEK,VVO
CPH,CHQ
CMN,TLS
DXB,ELQ
CTU,DSN
BHX,WAT
DXB,DYU
ESM,GYE
KAL,NUL
SDL,GOT
FOR,SLZ
SYD,BME
NCL,CDG
SEA,ATL
SAW,DXB
WUX,CAN
MEL,ADL
FUE,BCN
NGO,TAO
PGF,ORY
YYZ,ATL
ATL,SDF
FCO,GIG
RUN,DIE
WLG,TRG
CGN,CTA
EZE,JFK
MLA,HAM
CAE,DFW
KSY,ESB
VIJ,SJU
BKK,PUS
WUH,CGQ
CDG,RHO
CDG,BOD
OTP,AHO
CGB,GYN
LGW,SAW
MKE,PHX
AES,AMS
AZA,EUG
CEK,DME
KRS,SVG
EBU,FEZ
SGN,BKK
LIS,HEL
TLS,AGP
WRO,LPL
TRN,MLA
MUC,ZAG
DTW,MSY
DPS,WGP
SVG,LGW
SYD,HNL
BKK,BLR
YYC,NRT
SDJ,OKA
DUS,CAG
BAH,FRA
MUC,AMS
KZN,ALA
SIN,MNL
AYP,LIM
LGW,NOC
COK,DXB
CGO,SHA
BNI,ABV
NAN,BNE
SYX,KWE
LHR,PHL
SSA,GIG
ICN,AXT
GBE,CPT
RGN,CCU
ATL,SAN
MWX,TSN
LGW,CUN
GSE,BUD
AGP,HAM
JIB,ADD
LIS,WAW
SFB,LAN
LYS,VCE
LGW,YYZ
DUB,MAD
LIL,NCE
BGO,SVG
LIS,MAD
JNB,WDH
ADD,LAD
DXB,SVO
GLV,WMO
ANF,LSC
MAN,RHO
TUU,AHB
DJG,TMR
SZX,NAO
MCO,PHL
BLR,SIN
KOK,HEL
PGV,CLT
BOG,CTG
CPH,EIN
FLL,TLC
LIH,PHX
SJW,CSX
SYX,PEK
HAN,BKK
FRA,GYD
CKG,TPE
ABI,DFW
DMK,NST
YYZ,ANU
BOD,LGW
CGD,CAN
SVO,KJA
AMS,GRU
NTE,MAD
CIF,DLC
LAX,RDU
CKY,DKR
ANU,FRA
XIY,HGH
CDG,SVO
PMI,BHX
AMM,KRT
PHX,HMO
HRB,CIF
SIN,KUL
COO,DLA
VVI,IQQ
YNB,JED
JFK,PHX
PMI,DRS
MPA,ERS
KGS,MUC
BGO,BCN
MAD,OPO
PHL,FCO
AMM,KBP
JFK,LIR
LCY,NTE
IAH,VER
IST,BKK
DME,MAD
CRL,BOD
TPS,CRL
ORD,GSP
STR,NAP
UBA,UDI
RDN,SZB
TPE,KMG
YBC,YQB
LHW,URC
WMI,DUB
NAO,PEK
CPH,SJJ
BOG,PDA
SIN,TAS
ORD,TPA
ATL,ELP
KSF,PMI
ECN,ADA
URC,XIY
ATL,MEX
JBQ,PAP
SEA,ABQ
NRN,LEI
ALC,KEF
MXP,BEY
PHX,MSY
PVR,YVR
SJO,NOB
HLD,HET
PHL,LHR
TFN,AGP
SDU,GRU
BFS,EWR
MAN,NAP
PFO,LTN
CAK,CLT
TLH,TPA
TNG,LGW
UPG,AMQ
DEL,GOI
WAW,MXP
CMN,AGP
TLV,VIE
DUS,ESB
RMA,CTL
DTW,PHL
ABZ,EBJ
CLT,SFO
EBL,DXB
GSO,PHL
SYZ,AWZ
HRG,TXL
OSL,MXP
PSA,CIY
CCS,LSP
SJC,LAX
NAN,CXI
LBL,DDC
LJG,KMG
JFK,LHR
BVA,BLQ
TYN,SHA
KNX,PER
MKE,BWI
RIX,HEL
MAN,PMI
HUY,JER
LHR,SAN
EWR,MAN
ALA,GUW
CTA,GVA
LED,PEK
HSV,ORD
WNZ,SJW
HLH,NAY
JDZ,XIY
DLC,TNA
DEN,MSP
JNB,ZRH
SKG,MUC
POM,VAI
CLT,EWR
CAN,HKT
BOM,CAI
TXL,AOI
MAD,HAV
MSP,MIA
SXF,STN
DME,NSK
CKG,CGO
ALG,MRS
BHX,BCN
FCO,OTP
BFN,DUR
HRE,DUR
SAT,IAD
DUR,DXB
VAR,SOF
YVR,SEA
BTV,EWR
LED,TAS
HOU,ATL
LTN,AGP
IBZ,NCL
PDX,BOS
JFK,SCL
SAN,MSY
ICN,YVR
BOM,KUL
MEX,CEN
BCN,OTP
KUF,EVN
KUD,SDK
HAV,SCU
TFS,LGW
TLL,OSL
AMS,DTW
IAD,CDG
DME,MSQ
CBB,LPB
LHR,ATH
DEN,EWR
VER,MTY
JFK,MSY
ABQ,MCI
XIY,HEL
POM,LAE
KRS,BGO
TFN,VLC
MAN,LPA
NGB,YIH
LHW,CGO
LLK,LED
HSG,PVG
NOU,VLI
DEN,GEG
LDE,BRU
SOF,IST
FRA,KIX
DFW,RIC
JFK,ABQ
MHT,BWI
RSW,PHL
YWK,ZUM
SEA,DFW
LCA,SOF
JFK,LAS
AMS,BOD
MAA,MLE
YKS,VVO
NNG,KWL
VIE,VOL
DCA,MIA
TYN,MFM
XIY,KMG
VTE,BKK
ICT,DAL
CNF,CGB
DFW,GGG
ORY,ORN
ATL,TUS
MAD,TNG
HNL,SAN
ORD,MSP
GVA,LPA
FRA,JFK
DCA,DEN
ARN,MUC
YNZ,XMN
MEL,SIN
KIX,PUS
GIU,TRR
MFM,CKG
CTU,SHE
ATL,JAX
LHW,PVG
EWR,ATL
CPH,LUX
TPE,KIX
FLL,KIN
FCO,ATH
TIJ,MEX
KHH,FOC
SIN,CNX
TPE,KUH
BRE,LPA
BNE,SIN
YXY,YVR
JED,PZU
BLQ,ZAG
PEK,JXA
NNG,SYX
SZX,TXN
FMM,STN
SAN,EWR
SJD,PHX
MIA,CCS
POA,PFB
KGS,RHO
OTP,CPH
IAH,MCO
TLV,BCN
DTW,YOW
WLG,MEL
SLC,LGB
SVG,NCL
POZ,EDI
SEA,KTN
UTH,CNX
CAI,AMS
IKT,BTK
CTS,PVG
GIG,CWB
BEN,AMM
UUS,CTS
AMQ,SOQ
EMA,ORK
STN,CHQ
LBV,COO
ORY,LIS
NBO,JED
JFK,GYE
CNF,SSA
OAJ,ATL
HGH,YNT
PEW,KHI
DTW,PWM
YYC,AMS
OKA,HKG
OMA,DCA
ATH,JSH
FLL,TPA
LCY,DRS
BRU,AGP
YUL,JFK
LPA,ZRH
LHR,NCE
SLC,CDG
HKG,MXP
SEA,HND
ASU,GRU
AYP,LIM
FTE,AEP
NTE,BCN
MYJ,HND
SYZ,MHD
ILO,MNL
MEX,DFW
PHL,MDW
ATL,MCI
JHW,CLE
DXB,DFW
AMS,JTR
BVA,POZ
URC,SZX
LGW,RHO
KOW,CAN
ATL,ABE
BND,SYZ
TLV,AMS
PEK,YIW
HAQ,DRV
HET,SHE
AMS,FCO
HAM,PMI
FOC,SHA
OPO,BRU
URC,KRL
NUX,SVX
YYZ,YQR
RTB,GUA
OSS,OVB
IAH,LAX
DEN,PIR
FLL,LAX
TPE,HGH
LAX,ANC
MNL,LHR
SJU,PUJ
CSX,SWA
NTE,AMS
CAC,VCP
BOG,UIO
HKG,KHH
SOU,BES
KUL,TRZ
BOG,CLO
VCE,TXL
PDX,BOI
CWL,TFS
BYC,SRZ
VNO,KUT
RIC,IAD
MUC,FUE
CUN,BOG
CDG,NCL
MSP,EWR
SXM,JFK
DUS,MAD
MZT,LAX
ZUH,SHA
NKG,TYN
PDX,JFK
IXS,GAU
MUC,DUB
BNE,CTL
IAH,MCO
COO,ABJ
SHA,WNZ
CTU,SZX
ARN,FCO
FOC,CSX
GLA,STN
ANC,CDV
PHX,MSP
OPO,LIS
RYG,AGP
DFW,FLL
SKD,TAS
MAD,RAK
HRB,PEK
DWC,KWI
MUC,IAH
SAN,LAX
VIE,SPU
ARN,OER
DMK,SZX
ORD,CMH
NRT,BOM
MEX,GDL
CNX,HKG
SHA,HND
MXP,TIA
UIO,MDE
MDW,ALB
KBP,BCN
GYD,VIE
VCE,LGW
HEL,PRG
ATL,PVD
OSS,IKT
PRA,AEP
DAC,CCU
DTW,FLL
TPE,DPS
CKG,KWL
ASR,AMS
SCN,HAM
YYT,YJT
CMN,LGW
GOQ,XNN
YYC,DFW
YQR,ORD
ORD,ICT
HKT,PEK
SJW,CTU
UVF,GND
CNS,BNE
GCM,HAV
PVG,HAK
DME,ROV
HFE,SHE
ABV,ENU
LED,VNO
AUH,JED
WNZ,SYX
LDY,FAO
MHD,HDM
HAN,PUS
LGW,FAO
QRO,IAH
ADD,NBO
KAN,CAI
MAN,DLM
EXT,PMI
LGW,TOS
ORN,CDG
CTU,KHG
INC,XIY
TNA,CAN
PMI,STN
PRG,TFS
YUL,YYG
BHM,DTW
PMI,LEJ
DME,DUS
WGP,DPS
MUC,SKG
PEG,OTP
JED,MAN
DNK,IST
JFK,FCO
FUJ,NGS
FRU,ALA
SZX,CGQ
SFO,TPE
MAN,IBZ
KBP,IFO
ELQ,MED
MAN,FNC
ONG,DMD
TAO,NGO
GVA,ATH
FCO,IKA
DEL,DXB
UNG,POM
XMN,CGO
CLT,BHM
VCE,DUS
TSA,MZG
DYU,FRU
ALC,VXO
SJW,HRB
TSF,MLA
NRT,DEN
LGA,MKE
DEL,PEK
BZR,BVA
SSA,REC
KRT,JUB
LAX,FRA
AZA,STC
IAH,HOB
VNO,HEL
JED,LHE
BSL,LPA
RIX,VCE
HFE,CTU
CTS,MMB
SCQ,BRU
CGO,TPE
LBB,DEN
KBP,LIS
WNZ,PEK
FUK,HND
IST,MSR
MFM,ICN
BGY,VNO
MEX,ACA
ODS,DME
AMS,YYC
ORD,LNK
TPS,FKB
FON,XQP
MSP,XNA
TNA,CKG
PSA,PRG
CWL,ALC
YSB,YAM
MEX,SJO
ZAD,MAN
PLM,TKG
SGF,ATL
MFM,KHH
NCL,CPH
EDI,STN
XMN,KHN
ATL,DHN
ATL,JFK
SVG,GOT
SVQ,LGW
SAL,MDE
CCU,BLR
MSY,PHL
FOC,BKK
MSO,SLC
FLR,BRI
HLA,CPT
LPA,DUS
NGS,NGO
ALG,ABJ
MFU,LUN
UDR,DEL
MAG,POM
JED,NBO
DFW,ATL
HGU,TIZ
AKN,WSN
WUH,INC
LAS,CLT
SIN,KCH
BEN,HBE
SID,HAJ
SEA,MKE
BOS,JAX
DIL,DRW
KIX,CNS
IST,BRU
NAO,PVG
FAO,CDG
RUH,KHI
HND,MNL
YYZ,ANU
ANC,BET
BCN,TLS
OVB,TAS
SVO,ULN
CDG,EVN
YUL,DTW
NNG,CTU
OMS,EVN
LHR,MXP
MUC,DEL
BIA,TXL
SIN,PEK
BHM,LAS
ATH,LCA
EXT,AGP
LAD,ADD
HKN,POM
HFE,KMG
CAI,JUB
TLV,PRG
RFD,PIE
TSE,VIE
RSW,ILG
UPG,CGK
CNX,SIN
GOJ,DWC
NAY,ZHA
TXL,AGP
SYD,KTA
BKK,DAC
TFS,PRG
AAL,BLL
VRA,FRA
RUH,HMB
CMN,MUC
PRG,AMS
DCA,LIT
LPQ,PKZ
MSP,SAN
SDU,VCP
CTU,ICN
TRV,DMM
ALG,BKO
TUU,CAI
PTY,MIA
LIH,HNL
FRA,DFW
AUH,TRV
CDG,EWR
MUC,FUE
CGK,DPS
NAH,MDC
HAJ,KGS
SLA,AEP
SAN,BWI
LHR,TAS
YYC,YQG
BKK,CPH
FDH,IST
OGG,YVR
NAS,RSD
KGL,JRO
SEA,SNA
SHA,SHE
BOM,BRU
FNC,PRG
CGK,PDG
PMI,KSF
YWG,YRL
SHA,PEK
MDW,CLE
KRK,EDI
FOC,CGK
DFW,OGG
GCI,DNR
BKK,TPE
LTN,AGP
HGH,HAK
TAO,WUH
BEL,STM
CSX,XIY
AWZ,IFN
HRB,PVG
DFW,QRO
ATW,AZA
HAM,BCN
ATL,FPO
LAX,LAS
BZR,LTN
XSC,GDT
TFS,ORK
HSV,IAD
CUR,BON
BIO,AMS
IST,YYZ
ATL,SJC
OTP,ZAZ
VPS,ATL
BEG,LHR
BKK,PVG
MAN,CUN
HAJ,FCO
WUH,ENH
HRB,HLD
ORY,BLQ
DFW,LIM
MSQ,HAJ
DUR,ELS
FLL,ORH
YVQ,YEV
RDZ,DUB
KMG,SHA
CGO,KHN
GYN,CGH
CMB,MLE
HFE,CSX
GYE,PTY
SGN,BKK
ICN,PEK
LAX,YVR
EDI,POZ
CEB,MNL
VNO,BCN
KBP,FCO
JRO,ZNZ
CAN,NRT
JAI,DEL
AMS,BCN
ORN,BCN
RDU,IAH
YUL,YYZ
IBZ,PIK
PRG,TXL
SLC,PVR
FOR,REC
CUN,MCO
MLE,CMB
PIT,PHL
FMM,HAM
MSY,ORD
SAN,DCA
SVQ,BGY
JRO,NBO
CVM,MEX
XFN,WUH
ALC,CWL
PMI,SCQ
PNZ,SSA
HAU,CPH
ISG,KIX
CAN,KOW
ENH,WUH
BWI,MDW
IST,KWI
KBP,TLV
MCI,DTW
JED,BOM
BEY,AMM
CSX,DSN
DTW,CDG
MDW,ATL
YTE,YFB
SJU,DOM
MIG,PVG
SDQ,ANU
MCO,MSP
FWA,DTW
RYG,CFU
ATL,CSG
NAN,MEL
XIY,TSN
BWI,OKC
MPL,CRL
FLN,AEP
NNG,HFE
FRA,TXL
VLS,VLI
YQB,YZV
WUH,XFN
BKK,MDL
MAD,TXL
LGW,TFS
DUS,DRS
BRU,FLR
DFW,YUL
SYD,MEL
EIN,RTM
MKM,MYY
CLT,TPA
SDF,EWR
BHX,AMS
MAD,IBZ
NBX,DJJ
YUX,YFB
FRA,AMM
BOM,TRV
ORD,AMM
CTA,BRI
MRS,TUF
ALA,FRU
WAW,RIX
DLC,SJW
RDU,ATL
IST,AYT
NNG,PEK
FRA,NAP
CFU,MAN
LPA,VIE
YYZ,AZS
DUB,YYZ
CHC,OOL
HKG,WNZ
HAK,CTU
BLZ,NBO
HFE,XIY
ROA,ATL
BLR,MYQ
CBB,CIJ
AMM,TIP
LGW,MCO
GST,HNH
GYN,CGH
GVA,BIQ
WNZ,KMG
ALG,MUW
OTP,LIS
HER,BRS
HBX,BOM
SYX,NNG
ATL,SLC
FUJ,FUK
EMA,LCA
ATH,LHR
BNA,MDW
ORY,MPL
PIR,HON
LEJ,BCN
ATL,RSW
BCN,MUC
MUC,ORD
ORD,MQT
LHE,DEA
CTS,SDJ
GGT,NAS
CTU,CAN
YCS,YZS
SFO,CUN
CGK,SUB
AKJ,TPE
WNZ,KMG
BOS,MAD
YNT,TPE
MAN,JFK
PSP,SFO
DFW,MSP
KTA,PER
SFO,LAX
CUN,YUL
MCI,BWI
MEL,LAX
LAX,MRY
FUK,CJU
DCA,CMH
BEY,ACC
AMH,ADD
ZAD,PUY
MDW,PDX
BKK,RGN
SJC,SNA
CAN,TNA
JIB,MGQ
GRR,DEN
MKW,UPG
DAC,KUL
ATL,BZE
PMO,LGW
TLV,BKK
DBV,STN
BGY,VNO
SIN,BKK
JAX,PHL
KEF,ZRH
SJU,AZS
MXP,PRG
DLE,LIS
BEY,CMN
TLV,PHL
KMI,FUK
BUD,FRA
CCJ,RUH
JMU,PEK
GFN,TRO
UPG,GTO
CDG,CAI
SYD,SCL
GYD,MSQ
NIM,OUA
HRG,LGW
TAO,CKG
AMD,MCT
ORY,DZA
TUN,BEY
TAS,FRA
IAH,MEM
LBA,DLM
YWG,YOW
VRA,CUN
LAX,LAS
FRA,CUN
ATL,RDU
BZG,BHX
YUL,YTZ
RHO,HER
ACC,ABV
GAM,SVA
ESB,ERZ
VIE,KBP
PHL,SLC
ORY,SCU
OAK,OKC
TPA,ATL
MSY,DFW
WAW,VIE
VCA,PQC
BRN,PMI
PMI,MAN
MFE,SLP
BEY,FRA
LAS,SJC
ZRH,FLR
BIA,NTE
GRR,ATL
OSR,CDG
CGK,DPS
MHD,UET
HND,ICN
MSP,PHX
PTY,UIO
MEL,ASP
ATL,EVV
CHC,MEL
ORD,FWA
CKG,XIY
ERF,AYT
EBB,JRO
BHD,INV
CAI,AHB
YKQ,YNS
RMQ,PVG
VRN,KIV
GRU,EZE
JNB,LVI
DME,BTK
BSB,SSA
SIN,RDN
MKE,YYZ
CCU,VTZ
VKO,MRV
FPO,CLT
OSL,BCN
YUL,YZV
KSH,THR
MSP,BDL
YXC,YVR
KUL,SIN
CUU,CUN
LAS,YUL
CAN,NGB
BYC,SRZ
MEL,AKL
DUB,CRL
RSW,LGA
CJU,CJJ
DTW,AMS
SEA,PSP
NCE,VIE
PVH,CGB
JKL,ATH
HKT,KUL
CDG,GRU
TPE,HET
NBO,LLW
MSP,LHR
CSX,CKG
TXL,FCO
CLT,CDG
BMI,DTW
SUV,SYD
CAG,PSA
MAN,DUB
VNO,BGO
ADD,LUN
KHN,CKG
LJU,WAW
TYS,PIE
HAM,CPH
MSO,DEN
ORD,PEK
SAT,ORD
SZX,DAX
BCN,RNS
ORD,YKF
JFK,BCN
ATL,AGS
PVG,NGO
CDG,IST
SEA,STL
BKI,PVG
CDG,PNR
SVO,CTA
ANC,VDZ
DEN,SAT
BLR,IXE
DUS,RHO
NRT,SIN
CCF,DUB
GDL,SFO
UKK,TSE
COS,ATL
HAM,WAW
LHR,GYD
CGO,KWL
PHL,MCO
BNA,LAX
KSD,ALC
HMB,JED
TXN,HFE
MAN,SID
COO,ABJ
PNK,CGK
SAW,ESB
BEY,LHR
PRG,TLV
ORD,MAN
BDL,BWI
PEK,LAX
IAD,RIC
LAS,BOI
ATL,HNL
LHR,LIS
MAN,YYZ
CAI,FRA
KTE,SZB
CGN,HAM
CUN,MID
MEM,LGA
PEK,SYX
ATL,BDA
OMA,ATL
DEN,DIK
CIA,EDI
FAI,HKB
KHI,BKK
PRG,AMS
DEN,MCO
LIS,YYZ
BSL,STN
BOH,PSA
FRA,YOW
TNA,SHE
RMQ,XMN
BNE,HKG
TSN,CSX
DLM,BFS
DAC,CXB
BKK,DAC
JNB,TET
BRU,VIE
JFK,BOG
JAV,JEG
ZUH,TSN
ACE,EMA
DUS,BCN
AEP,PDP
FOR,BSB
TOS,TRD
SXB,BIA
PVG,SHP
CDG,BZV
FIH,KND
PDA,VVC
PRG,HEL
SBH,SJU
SCQ,LPA
SCQ,MAD
ATH,CAI
MUC,PEK
BRS,CHQ
ORD,SAT
VTZ,BOM
AGP,BCN
SAW,ADA
SAW,ASR
PHL,TLV
CRL,GRO
EZE,GRU
LAX,SYD
DTM,SAW
CPH,BRE
ALC,BCN
BUD,CGN
LGW,MRS
LBB,DFW
BOS,PBG
RAO,BSB
LIN,ARN
KWL,PEK
PEK,DXB
UNK,SMK
ORD,SJD
CAN,TAO
SID,AMS
SVG,SZZ
NAY,ACX
DTW,SBN
ARN,TKU
AGP,LGW
DPS,DMK
PEI,BOG
MAN,UVF
VIE,OLB
DEN,AUS
CFU,LUX
MRS,LGW
BAH,MNL
KWL,KMG
BKK,DME
MSY,MDW
PMO,VRN
TRZ,MAA
LIS,TMS
WIL,UKA
PEK,INC
XMN,ZUH
YMM,YQF
ATH,FCO
NNG,KHH
FNA,ROB
STN,BOD
FLR,VIE
ABJ,OUA
DAR,JRO
DEN,AMA
MIA,CWB
SIN,HAN
EVN,KBP
DEN,MSP
RIX,EMA
LIR,ATL
AMS,BRI
SXM,CLT
TPE,HKG
PTY,MIA
NRT,DFW
KWE,CKG
RJH,DAC
KWL,PVG
KMG,TPE
IAH,DME
AMS,YYC
CAN,LAX
TPA,DAY
ATL,XNA
MNL,ICN
DFW,TXK
PVG,SYD
ABQ,LAX
DXB,HKT
SLC,DFW
CTU,ZYI
HHN,SUF
LHR,MIA
NBO,JIB
MUC,ORD
GLA,EXT
UGC,DME
LAX,YYC
CDG,CPH
NAN,CHC
IKT,ULK
KRT,DXB
VKO,VCE
LED,KJA
SGN,CAN
SAH,ADD
DBV,BHX
CWL,AMS
HKG,ICN
CDG,BSL
SJC,DEN
KUL,SIN
CUN,HMO
ESB,DIY
JHG,KMG
CID,ATL
GLA,TFS
IAD,CPH
LUN,HRE
GVA,DUS
TUN,LHR
JFK,HKG
NRT,TAS
BOM,SXR
NNT,DMK
MCO,SWF
TUN,GAF
BQL,ISA
BEN,SFA
JJN,HSN
LDY,BHX
STL,DEN
AXU,ADD
ORD,MSN
BUD,LTN
CKY,OXB
DTW,AVL
DUB,MAD
SAT,JFK
SXB,BOD
PDX,CLT
GRU,LIM
WNZ,SHE
MAD,VGO
YVR,HND
MFM,NGB
BNE,NAN
TFS,MST
HLD,PEK
MAD,LIS
HAK,FOC
LIS,BOS
HND,KCZ
CRD,REL
MAD,LOS
SVO,NOZ
XFN,XMN
DEN,CUN
SCL,LIM
ICN,BKI
HEL,ARN
LHW,URC
LUM,KMG
YVR,AMS
OMA,SEA
HGH,PEK
STN,HAU
IST,SIN
GRU,SDQ
TFS,LGW
ORY,MAD
PHX,LAS
YQU,YYC
ESB,VAN
SOF,SXF
ROB,ACC
BIL,SEA
BCN,AMS
ORN,CDG
BPN,TRK
SAW,DME
GLA,GDN
TOS,LYR
NCL,DLM
KWI,BKK
LAX,GEG
NMA,LED
SYX,HGH
TAO,PUS
CJC,LSC
MIA,GNV
AUA,MIA
KUN,TPS
SDJ,FUK
DEN,MCK
EDI,GSE
VVO,ICN
SJU,STI
POM,SIN
HER,MUC
LAX,PVR
ISG,MMY
SHE,WUH
TJU,DME
MAN,YYC
RUH,ISB
MMY,OKA
KHI,PEW
REP,ICN
VCE,BSL
FRA,ATL
LAX,PVG
MAG,VAI
SRX,TUN
SNN,EWR
CUN,PIT
PIT,DEN
ATL,EWR
WNZ,KHN
VER,VSA
PVD,TPA
TAS,SVO
ATL,MBJ
ANC,PHX
CGN,BCN
CTU,KHN
JED,AJF
CAN,KUL
YEG,YYZ
OIM,HND
ZRH,FCO
CCU,IXS
LGA,BTV
PZU,KRT
LBD,KJA
DEN,GTF
CMI,ORD
HAJ,VIE
YVR,MEX
DEN,LAS
ADD,DIR
CDG,SCL
MNL,DGT
SIN,KUL
JZH,CTU
BSL,ZQW
YGH,YEV
CSX,TNA
MNL,PPS
CKG,XIY
JED,DXB
ABJ,BKO
PGK,PLM
PEK,WUS
DSM,EWR
ABZ,BHX
MAD,PHL
PLS,PHL
CPH,PRN
ATH,GVA
PUS,TAO
YYZ,MUC
DEL,RPR
CUN,MEX
TLC,GDL
PUS,TAO
BOM,CCU
RHO,GLA
SSH,LGW
IAD,MIA
EBA,ACH
SIN,REP
SAL,CUN
DUS,STR
ICN,MYJ
BNS,CCS
DTW,DEN
PEK,LHR
KHN,CAN
SIN,BDO
SYX,WUH
ADD,KGL
FMM,PMI
MSN,SLC
DRS,HRG
TAO,CTU
AUH,BLR
IND,PHL
BEG,TGD
NAN,VLI
AUH,JNB
RUH,CGK
MEL,KTA
UAH,NHV
ELM,PIE
NGO,FUK
CLT,DEN
SPU,HAJ
SKP,FCO
TNA,CTU
CCJ,BOM
LAX,PHL
ABD,THR
JFK,KBP
MAN,NCE
YPM,YXL
SHA,JDZ
YTZ,YSB
LGW,PRG
VRN,MUC
NAY,AVA
OGG,LAX
ABJ,CKY
PHL,IND
BOS,CLT
DAL,MAF
PEK,HKG
AMD,DXB
IAH,YYZ
CGO,DLC
ICT,DFW
MAD,ALG
WAG,AKL
DSM,DCA
HRG,HAM
COQ,ULN
KUN,CIY
KWI,DXB
TER,LIS
IST,CAN
BHX,AGP
ORY,ALG
CNS,GUM
JED,AUH
SVQ,ORY
ATL,CAE
PEK,CZX
SLC,RKS
JED,AUH
IAH,GRK
MRS,STN
SJC,RNO
DFW,PBI
BNE,SIN
TRC,DFW
PTY,SJO
BRE,CHQ
YOP,YOJ
ATL,TPA
TPE,CSX
INV,MAN
GNV,ATL
BEL,ATM
CMN,JFK
GRU,DXB
XMN,SHE
GFF,SYD
AUU,CUQ
BSB,ATL
AHO,TRS
TXL,FRA
SKU,SKG
BOS,ATL
GRU,GIG
SIN,PER
AMS,BOD
HAN,CTU
SLC,DEN
WAW,HAM
NNG,KMG
MUC,VIE
NGO,FUK
VBV,SUV
PRG,LED
PVG,TPE
MDW,LGA
TUP,ATL
HEL,VNO
ALC,LTN
ATL,SMF
RAK,BGY
OVB,DME
ACE,EIN
ATH,KIV
PFO,AMS
DEN,MEM
LBD,DME
DLM,STR
PEK,SVO
ATL,AVL
MEL,PVG
ADD,JED
YXU,YOW
YTY,SYX
TNN,HKG
MAD,VGO
BKK,KHI
ZRH,IST
TXL,FLR
FCO,JED
AGP,MMX
ADZ,MDE
NSH,THR
SLC,ATL
DKR,BJL
IAH,AGU
MEL,CTU
ARN,MUC
GRR,MCO
FUK,NGO
BHH,JED
KVA,MUC
BOG,FLL
PVG,OKA
TZX,ESB
MRS,AJA
IND,JFK
PHF,SFB
TSV,DRW
TPE,NGB
AET,HUS
JMU,TAO
WUH,TAO
TPA,LGA
XMN,NRT
ZRH,RMF
DOM,SJU
EXT,EGC
BKK,PVG
NCL,DUB
KWL,PVG
ATL,MKE
JNB,BUQ
LSE,ORD
KOA,OAK
HAC,HND
KBR,SZB
ZAG,MUC
FCO,IAS
CKG,WUX
LBV,DLA
CDG,ATH
KBP,ROV
BRU,HER
UKS,KBP
PEK,CSX
LHR,IAD
INC,KMG
BZR,NYO
SAP,SJO
RUH,PEW
TSA,TYN
BCN,DUS
JSU,GOH
CDG,TGD
AKL,ADL
MFM,HGH
HEL,KEF
PVG,KIX
WUH,WNZ
TXL,VIE
BKO,NBO
DME,YKS
ILO,HKG
AEP,RGL
SAN,ATL
ORY,HER
CWB,IGU
KTW,BVA
FDF,MIA
AJA,MRS
JFK,MAD
STR,FNC
CRL,BTS
WIL,MRE
VIE,IST
SFO,ATL
NAP,VCE
NAS,BOS
TPE,PVG
GYD,KVD
ZKE,YAT
KND,BKY
HSL,KYU
CTU,WUH
OSL,WAW
XIY,LJG
LAX,IND
GRB,ATL
KIX,PUS
IAS,BLQ
DKR,JNB
MAN,RHO
HGH,CKG
CVG,ATL
DIR,ADD
MYY,KCH
KGS,BGY
FCO,AHO
ORN,ALG
CCU,SIN
BAH,TRV
SAW,AYT
SXB,STN
CAN,YNZ
SSA,SCL
ISB,RUH
AMS,AUH
IST,BJV
DLC,TSN
TPE,SHE
AYT,HAJ
TIA,VRN
HAM,AMS
CAI,MAD
FRA,TLV
MEL,KUL
KWI,BEY
LBA,SOU
URT,DMK
CGO,HRB
DEN,GCC
IXR,CCU
TPE,TAK
DEN,ATL
KIX,KUL
MUC,HEL
BJM,KGL
ADA,ECN
MOC,CNF
DFW,CUN
VGO,MAD
TUN,TOE
PIT,DFW
CKY,BKO
CVG,MSY
KWL,TPE
VSA,IAH
UDI,CNF
ARN,ADD
MUC,ACE
JNB,PER
OME,UNK
NHV,UAH
MAD,VGO
SRG,KUL
CGK,PNK
ADL,MQL
EWR,BRU
REN,SVO
DEN,SAT
XRY,CGN
HER,MUC
YYZ,ATL
FCO,JFK
BRO,DFW
FMO,GRO
PZO,BLA
BGY,BUD
SLC,PDX
KBP,BRU
POP,DUS
YBL,YVR
DAL,SLC
PRG,BRU
YUL,AMM
DVO,PPS
SJW,URC
PUJ,MIA
HKG,BKK
RYG,RZE
SJO,IAD
DCA,VPS
YAY,YYT
BFL,DEN
SAW,CPH
RNO,SJC
FNA,CDG
NKG,CTU
VVI,MIA
NBO,MBA
FUK,PUS
PEK,HAK
ATH,ADB
MYY,SIN
GVA,ALC
TPE,MNL
TNO,SJO
OLB,CGN
TKK,GUM
VLC,BGY
MRV,ASF
VIE,OTP
FRA,WDH
TIP,TUN
TYN,TAO
LTN,AYT
GDL,CUU
CCU,KTM
EDI,DUB
ATQ,BOM
YYC,IAH
SJO,FON
BOI,GEG
BRE,VNO
PHL,RSW
DUB,JFK
PVG,ICN
MDW,OMA
IST,DLA
DAL,LIT
TIP,LHR
BGY,LPP
DFW,SAN
IAD,LWB
IBZ,BRN
CPH,MAN
DEN,RSW
ATL,AEX
BAV,TSN
MEL,BNE
OSL,FAO
MXP,LYS
TPE,PEK
AGA,SXF
SHJ,ODS
CTU,YNT
PNS,TPA
DFW,LGA
TRF,SZZ
NNG,CAN
STL,LAX
IOS,CNF
ANU,SBH
STI,SJU
AJA,LGG
CNS,HKG
VCE,PMO
AMS,CPH
KUL,CGK
ALC,CGN
KER,IFN
BOS,BUF
STL,CLE
OOL,KIX
MEX,PTY
JTY,ATH
CDB,NLG
MCI,BWI
RDU,EWR
GZP,CPH
KMQ,NRT
LYG,HKG
DCA,ATL
LPA,VDE
SIN,CGK
PHX,DEN
PVG,CGQ
KRR,KJA
LBA,AMS
TPE,PNH
HRG,LGW
DME,RIX
CMB,GIU
LNY,HNL
ORF,MDW
LCA,LED
AYT,MAN
TAO,TSN
RMQ,MZG
ARN,PMO
BKK,CEI
AZA,MLI
SEA,LAS
HRB,TNA
FAR,ATL
BNE,AKL
LIM,GIG
DFW,MSY
CZM,ATL
TDD,RIB
TLV,PEK
ORD,RSW
BSB,BRA
ORD,ATL
SHA,SZX
SCC,BTI
PHX,SJC
FRA,STR
NLT,URC
KMG,SZX
NBO,BRU
POA,MIA
YYZ,PTY
HVB,BNE
LYS,QSF
SCL,JFK
LAS,SEA
VBY,BMA
LJG,CTU
BKS,CGK
ANC,SEA
GRU,EZE
AUA,CCS
STR,PMI
SMR,MDE
BUW,UPG
ATH,IST
PIX,TER
VCE,BOD
CGP,CCU
PSA,LBA
YMM,YYZ
YYD,YVR
DTW,AZO
SXF,LPA
SVX,LCA
LAX,MRY
GDN,RYG
HOU,DEN
BZV,CMN
TZX,ADB
PHX,SFO
ICN,VVO
CGO,DLC
KMG,TSN
CTU,YIW
ATL,GNV
ALA,TAS
TDD,CBB
OKC,STL
BPN,MDC
XMN,TYN
BSL,LHR
MNL,TUG
VRN,OLB
YQZ,YVR
IAH,LIM
IAD,DAY
CTA,ORY
IAH,DME
BCN,FLR
ABI,DFW
MNL,TPE
AMS,SOU
DUS,KGS
IAD,SYR
CJU,GMP
MPM,BEW
HAN,NRT
SUB,SIN
XNN,CTU
MXP,DUB
BOD,EDI
YUT,YZS
CDG,RUH
MEM,ATL
BRU,LYS
RTB,GUA
AYT,MAN
PVR,SFO
ONT,OAK
SXF,AYT
KMG,NKG
YYC,YLL
CTU,PEK
PTY,MIA
CKG,CGO
PHL,YYZ
AUS,DEN
MED,AMM
RPR,DEL
VTE,KMG
SJO,SAP
LED,MLA
OSL,LIS
VPS,DFW
XIY,LHW
PHL,DUB
BWI,IAH
DVO,ZAM
TMM,ANM
MLE,SIN
DAR,AMS
SAF,DFW
FLL,MKE
EBL,ARN
YUL,SNU
BZE,FRS
PVG,HAK
IAD,TPA
CSX,NKG
TAO,HKG
MSP,BOS
ORY,AUR
LAX,ZCL
SJO,DEN
UPG,PSJ
WUH,CDG
MCO,BNA
MAA,TRZ
OVD,CDG
ACE,LBA
IST,LHR
KBP,ZRH
JFK,RDU
HND,TSA
DME,PEE
BRU,RIX
KUL,CMB
YUL,EWR
BCN,BJZ
PDS,MEX
GRU,YYZ
DUS,BUD
ASP,MEL
CAN,MXZ
TLL,SVO
CAN,CGO
BRS,AGP
FOC,KHH
FRA,CDG
MCO,LGA
XIY,XNN
MDE,FLL
LCA,MSQ
ATL,CUN
ANI,ANC
HKT,ICN
DUB,BRE
RDU,BNA
DUS,HRG
EMA,CIA
BWI,HOU
YKS,DME
KIN,ANU
TAO,JXA
DME,HEL
ALC,BRS
PHX,TPA
PHX,SEA
RGN,CNX
LHR,WAW
BSB,CGB
MKE,ATL
CLT,SDF
BJL,BCN
BRU,DKR
BLR,IXE
MIA,LHR
BOH,RHO
LAX,AUS
JZH,CAN
MJV,DUB
SIN,BKK
DTW,TPA
CTU,MFM
DFW,PIT
STC,ORD
SJW,URC
AUA,IAD
PSP,PHX
PMI,ORK
TAO,TSN
ATL,PHL
LIS,NCE
RSW,HPN
HPN,ORD
LHR,ADD
YYZ,MBJ
PDX,SMF
BPN,CGK
VBY,MMX
ICN,ORD
BRU,CPH
HHN,PDV
TXL,AUH
SYD,AKL
SHJ,KZN
JMK,GVA
BKK,CGK
YMM,YYC
FRA,SAW
EUG,PDX
MIA,PAP
GUR,MIS
HAN,DAD
ICN,CGO
JAX,TPA
TFS,OVD
ISA,OOL
DEL,COK
KTA,PHE
FCO,SXB
SRE,VVI
VIE,STR
KUL,SGN
TPE,KMQ
ERZ,SAW
JED,GVA
SIN,SYD
MKY,MEL
ZRH,PRN
CJS,MTY
PVD,MCO
CCS,FNC
GAU,DEL
CPH,EDI
SIN,IST
MAH,LTN
LAS,YVR
HKT,HKG
HIR,VLI
AWZ,KWI
FRA,FUE
WUZ,NNG
JFK,LAS
DFW,CLL
BNA,DCA
DEN,JAX
LHR,AUS
MAO,MIA
IAD,FRA
TXL,FKB
LHR,WAW
TNA,ICN
ORD,MAD
IFN,KER
WUH,PVG
PBC,MTY
PSA,LPA
BGW,AUH
YYZ,LGW
RYG,TSF
TRN,AMS
MUE,OGG
CDG,ROB
BHD,PMI
STR,HAJ
VOZ,MUC
NBO,LHR
AMS,BUD
GCK,DFW
TPE,ISG
YVR,YMM
YQR,YWG
AUH,MED
EVE,SVG
CGK,SIN
MAN,HER
TAO,PVG
SIN,AKL
WRE,WLG
CGN,PMI
POM,CEB
DEL,COK
ATL,OKC
BVC,LGW
JFK,MCO
CAG,LIN
ZRH,RMF
HSN,NAY
HNL,NGO
BSB,MCZ
DEL,BOM
MXP,HEL
CXI,NAN
PDX,RNO
CSX,NNG
YYZ,YWG
LEX,DFW
PHX,HOU
GZP,OSL
PHX,IAH
IBZ,EMA
MAD,OTP
NUX,UFA
PDX,MSO
TLS,AMS
APL,JNB
UET,ISB
OSL,SVG
PIT,STL
NMA,GOJ
CNS,NRT
DME,ALC
CNS,BNE
SLC,BOS
DAY,ORD
NCE,GVA
TLS,CEG
TPE,BKI
CRL,BUD
SHJ,SKT
IST,LWO
SIN,SOC
RGN,ICN
PSA,TIA
HER,NTE
XAP,FLN
AMS,ABZ
MZG,TSA
IAH,MBJ
SJD,TIJ
JFK,PAP
UPG,BPN
IND,ORD
PYJ,YKS
NDJ,CDG
IBZ,FRA
PMZ,SJO
PEK,KMG
KRT,EGN
CPH,TLL
VNS,DEL
NRT,PDX
MVT,PPT
TUS,LAX
CDG,LBA
IST,TZX
MGA,SAL
ATL,BWI
MLI,DEN
BSL,DJE
UPG,AMQ
LED,ALA
KUL,LGK
YYZ,FCO
FRA,REC
TPE,SZX
TPA,PBI
SFO,LHR
ATH,OSL
DJB,BTH
KMG,XIC
GRU,AGT
LHW,WUH
KWE,MIG
STR,TFS
ICN,KIX
KBP,LED
KWL,NKG
DFW,MSY
CEB,SIN
WUH,TSN
DKR,IST
TSA,SHA
OAK,LAX
SCL,LIM
DFW,ICN
YIW,LYI
FAO,BRU
DYU,ALA
NRT,CTU
FCO,PVG
RUH,JED
STR,HAM
BLK,AGP
CKG,LZH
IKA,LHR
YTY,CKG
IST,CAI
TSF,CRL
KUL,MFM
KWE,TNA
LIT,CLT
IND,MIA
LZY,CTU
WUH,TNA
MEX,OAX
ATL,RDU
AZA,PSC
DRW,BNE
YTH,YYQ
CZM,ATL
LAX,YUL
LIM,GYE
MYJ,ICN
CDG,ORK
ZRH,FUE
TNG,LIS
PDX,SAN
TAI,JIB
FUE,LUX
LAX,XNA
KIX,SPN
CEK,TAS
LHR,LAX
LAX,YVR
LAX,MKE
VCE,JFK
LPI,CPH
BAQ,MIA
AUH,MCT
TRD,AES
NRN,SDR
SIN,PKU
PVG,SVO
CTU,BHY
CNF,IPN
TSN,HAK
SZX,BFJ
GSO,MIA
YYZ,YYG
LAS,JFK
DIG,LXA
IAH,DFW
UIO,BOG
ABJ,LFW
LUX,RHO
DLA,SSG
BPN,UPG
MAD,TSR
DEL,JDH
FLL,GHB
KTW,CHQ
SXM,JFK
URA,TSE
BHY,LYA
EZE,LIM
GAU,IMF
MEM,CVG
CPT,AMS
TAO,PVG
TLV,ATH
LAX,ATL
NRT,CGK
NNG,WUH
PEK,WUS
HKG,ALA
MEX,SJO
BHM,ATL
PAP,SDQ
BUD,LHR
LHR,RJK
TXL,MXP
CIF,NKG
ORD,YQB
FLR,BOD
BWI,DFW
CDG,DKR
ORD,ATL
JHB,SBW
CKG,URC
ALC,CPH
OVB,KHV
HER,EMA
PPT,IPC
MOF,KOE
AUH,JED
YRT,YXN
NNG,MFM
SYR,BOS
SAN,ATL
CNF,VDC
MPH,CEB
ICN,IST
SID,MAN
ACC,FNA
PTY,CUC
PNI,KWA
ICN,KHH
GSO,LGA
TPA,FLL
HAM,LHR
ICN,TOY
RTM,VLC
BCN,GOA
GAF,GAE
TAO,SHE
BPN,SUB
ALA,SVO
YUL,YQB
CAI,AMS
YXS,YVR
TFS,DUS
SIN,FRA
GYN,UDI
ATL,PAP
MAD,BCN
HRB,TSN
YPY,YSM
HKG,BKK
PEK,TNA
YQM,YHM
MEM,LAS
HKG,CTU
FAO,RTM
ZRJ,YAC
CAI,SXF
CTU,TSN
DTM,SKP
PVD,RSW
FMN,ALS
ARN,MUC
SKG,VIE
XIY,SYX
TPA,DTW
BJV,MAN
HAJ,BVC
LED,NVI
BJX,DFW
MSP,LAS
CLT,HOU
MSP,FAR
HAJ,NAP
LCY,RTM
IXB,CCU
KBL,DXB
HSL,HUS
NCU,DME
SAN,SMF
AGP,BTS
URC,DNH
PKU,SIN
KWL,PEK
HKT,PVG
MUB,WDH
SIN,SGN
OPO,GVA
OSL,BLL
LCA,OSL
NNG,XMN
TNA,CTU
LIM,HUU
SHJ,MAA
XMN,NGB
MDE,BOG
TUN,ALG
PVG,INC
KIX,NRT
CAI,GVA
YYZ,YYB
SVX,MRV
XRY,LUX
PSA,BRI
HNL,SFO
NKG,KWL
POZ,MUC
OTP,TSR
VIX,GRU
SZX,XMN
JFK,RIC
PEK,CSX
RDU,IAD
MUC,ODS
NAS,CLT
TXL,ARN
KSC,VIE
OKC,SFO
CEC,ACV
MHD,SHJ
TAS,IKA
BOS,LHR
GDL,LAP
MLI,ORD
MXP,RIX
LHE,ISB
MIA,GRU
CCU,DMU
SAT,ATL
BNA,ATL
LHR,ARN
TFS,GRZ
KMG,KHH
EDI,LCY
MUC,FRA
WNZ,TPE
HAK,PEK
MAR,CCS
PVG,REP
DEN,LIT
HAJ,DUB
IND,CLE
MZR,KBL
STN,GRO
TAO,PVG
BOG,RVE
TAS,KJA
ANC,ADK
DEN,ORF
GUA,ATL
LRT,LYS
TPE,KUL
SRQ,ATL
VIE,FNC
PTY,FLL
YUL,ZSA
HOU,STL
TRS,CRL
CAI,LHR
LBD,TJM
LIT,ORD
OVB,DXB
HER,LGW
PDX,OAK
PHL,DTW
SAW,GZP
OGG,PHX
TXL,AGP
CDG,FAO
HYN,CKG
SAN,ORD
BLA,VLN
TUN,CAI
LHW,PEK
BOM,DXB
RUH,CMB
PUY,STN
ATH,OTP
IEV,ATH
VIE,ZAG
PHL,HVN
SHA,KMG
MMB,HND
CAN,FUK
ZRH,HEL
NTE,SVQ
ALF,LKL
CMB,TRZ
ROB,FNA
ATH,ZTH
TPE,HND
CMH,RNO
MXP,DUS
PHX,HMO
DEL,AMD
TRZ,MAA
CNF,GIG
ORD,ZRH
SIN,HND
BCN,VIE
EZE,MDZ
TLL,SVO
BRU,FAO
SJU,STT
FNC,GLA
GYD,MRV
SGN,MEL
LHR,DXB
MLA,EDI
TLH,MIA
BDL,MDW
KDV,NAN
EMA,PMI
NDJ,ADD
YQB,YZV
LED,AAQ
LYS,BIQ
PSR,CRL
SHJ,SAW
LAS,FAR
NRT,CJU
SGF,ORD
EWR,PTY
DLM,STR
KMG,CAN
CLT,CHA
ITM,NRT
JNB,CPT
DMM,TAI
JOG,DPS
ACE,FUE
SMF,ORD
XMN,CTU
FRA,MCO
FRA,TLS
CTS,SDJ
BHX,TFS
CAE,ATL
AYT,MAN
ORD,BNA
THR,TBZ
YYC,YXX
MAN,AGP
IAH,LFT
YCL,YWK
AGP,BCN
DXB,JNB
MDC,BPN
TYN,DAT
PIT,BOS
CLT,ORF
HKG,XMN
JFK,GIG
IAH,RDU
IST,KVD
KOI,EDI
SAN,SDF
SOF,LTN
DUS,DBV
GUA,LAX
BOM,IXU
LGW,AGP
CGK,KIX
LHW,TNA
SKO,ABV
HFE,TAO
HET,TNA
HNL,BLI
GUM,MNL
JFK,MSY
DFW,CRP
HKG,CAN
CKG,HDG
SAW,PRN
GAE,TUN
DUB,ORD
DFW,MSY
MRS,SAW
AZN,TAS
NSI,DLA
LYS,PIS
COK,AUH
PNQ,BLR
ZUH,CKG
BOM,BKK
NTE,LYS
BWI,FNT
PTP,DOM
PVG,DAX
VFA,HRE
AMS,SUF
HAM,AMS
CGO,ZUH
ATL,MLU
BSB,NAT
BOI,LAS
TSN,HET
BAV,CGO
LPA,SZG
WLG,HLZ
LGW,KEF
TLL,CPH
PPW,KOI
MCO,BDL
FLL,PBG
ARN,EWR
CEK,LBD
TUN,CGN
SVG,ALC
YUL,YVP
FTA,TAH
BEN,CMN
FRA,BEY
TNA,KHN
CDG,ALG
BEG,LCA
UFA,SVO
LJG,PEK
AKU,URC
DSM,ATL
BGI,POS
GRZ,FRA
ORD,TXL
AGP,GLA
ADD,KRT
PUJ,MAD
BJF,MEH
YRT,YEK
AMM,BEN
DLM,BHX
RNS,TLS
DFW,GIG
PVR,ATL
BIA,LIL
EAM,DMM
SYD,AUH
DEL,KUU
BCN,NAP
AUA,ATL
ALC,EMA
DFW,LIT
MAD,TRN
CBB,TDD
GOT,AGP
PEK,CHG
TPE,CJU
OPO,LPA
VLD,ATL
BSB,BRA
JFK,PHL
BNA,ORD
ATL,GSO
DFW,FSD
CKG,SHA
COU,ORD
NUE,SKG
BSL,ADB
THR,MHD
CKG,TSN
FRA,CLT
KOA,LAX
CTU,YIN
HKT,KMG
SEA,PHX
MLA,BRS
BSB,CGH
AUH,BAH
JFK,YUL
HER,FRA
JPA,VCP
ESB,IST
SJC,BUR
ERI,DTW
FRA,MXP
LHR,NRT
CAN,HFE
CLT,SAT
GDN,BRS
DAC,CGP
TNA,YNT
BHM,ATL
JFK,ORF
SHE,WNZ
BCN,LCG
CJU,CSX
COK,DXB
BVE,LCY
BWI,SFO
KUL,BKK
SGC,OVB
REP,PEK
MNL,OZC
LJG,HGH
JED,ELQ
HMO,CUU
TPE,CKG
MNL,PEK
RUH,BEY
DUS,JFK
LAS,CLE
FAO,MUC
BNE,HBA
LHR,BSL
YQM,EWR
LGK,PEN
DEN,YQR
LSC,ANF
MAD,BOG
TSN,TSA
CKG,KWL
CSX,XMN
AAL,PMI
SSA,BRA
MTY,MID
TIA,BLQ
STL,IRK
KBP,IST
BWI,ORD
PNS,MIA
HET,PVG
HKG,FOC
LGA,EYW
MID,MEX
DFW,MKE
SCL,MDZ
BLR,DMM
IAD,BUF
MDE,MIA
CHQ,SKG
APW,NAN
MHD,KWI
DAY,PHL
CUN,PHL
GMP,SHA
CGQ,SZX
UGC,LED
EAU,ORD
FOC,KWE
COO,NIM
PNP,LAE
KLO,MNL
PEN,HKG
MDW,BDL
ACE,EMA
SKG,FCO
MHD,KWI
RSH,ANI
TPE,HKG
NAP,STR
DED,DEL
WXN,KMG
IKA,DYU
HGH,HKG
LIM,EZE
BKK,CAN
ACK,EWB
IST,MLA
MDW,DEN
CDG,SLC
NTE,DUS
SCO,TBS
BKK,SIN
TNA,PEK
TAY,HEL
LHR,LAS
XMN,WUH
DBV,HEL
ORY,FDF
IKA,EBL
DVO,MNL
FRA,ALA
SZG,TFS
FRA,AYT
CGK,XMN
CDG,ABJ
SAN,BOI
YNT,SZX
SVX,IJK
GLA,EWR
LGW,KGS
CUZ,LPB
CPH,CDG
CDG,VRN
WAW,YYZ
EIN,IBZ
BKK,TPE
MOB,DFW
XMN,CKG
CHA,DCA
FLL,HPN
BTH,SUB
PBC,GDL
CGN,SPU
SUJ,OTP
YYZ,LIS
HOT,MEM
TFS,HAM
LPA,MAD
MXP,BDS
SEA,RNO
SZX,HAK
ARN,EDI
PHX,YEG
SCL,ATL
TNR,MJN
KMG,LJG
KHH,HAN
IAH,CVG
TCQ,LIM
NCE,NTE
TML,ACC
CPH,LJU
THE,BSB
SZX,SIN
MUC,LHR
DUB,ACE
SYX,PEK
TSN,PVG
CKG,XIY
DEN,LBL
TLV,PRG
ICN,SPN
HER,RHO
BRU,AGA
YHR,YNA
PEK,DLC
ARN,LAX
YYZ,DTW
MXP,VIE
BOS,ORD
BLR,AUH
CAN,DAX
OAK,SNA
HGH,SHE
FUE,BHX
YHZ,LHR
ACC,LOS
ATL,BSB
ATL,CVG
KWE,HFE
ATH,JNX
IAD,TUL
MEL,PVG
HAN,REP
GLA,LGW
TSN,CGO
CZX,SZX
PMO,FCO
BWI,SDF
CTS,NGO
WAW,FCO
KWI,AMD
PEK,ADD
CPH,ATH
KUL,FOC
FRA,CTA
WUS,PEK
NRT,DEL
UDI,VCP
HGH,LJG
DEL,BDQ
FLL,TCB
SKG,MAN
PEK,NAO
SWF,PHL
LGW,IBZ
YHM,YYC
SHA,CKG
TSN,BAV
SJE,BOG
BKI,ICN
ZSA,NAS
DFW,SAT
TNA,TPE
TFF,MAO
DFW,DAY
DUS,ATH
ORD,MCI
DXB,HBE
ATL,MIA
AMM,OTP
BOO,MQN
PRG,RTW
BSL,SPU
ISB,CJL
CAN,PVG
RHO,HER
YBK,YXN
HAV,BOG
SJC,SJD
OVB,KHV
SIN,KWE
OAJ,DCA
LGW,PMI
STN,GOA
TAO,HKG
GRU,CCS
KCH,SIN
SKG,WMI
SNV,PZO
PNR,COO
MAD,JFK
DFW,FLL
ATL,DFW
ALC,SVG
LNY,MKK
LGP,MNL
RHO,SMI
MTY,MEX
MCO,PHL
DEL,SXR
MCO,CUN
KGF,ALA
EWR,POS
KOI,INV
ABJ,COO
BUF,JFK
ATH,EIN
FOC,CAN
PIE,ROA
SIN,RGN
FCO,MAN
PER,SIN
NNG,ZUH
FSD,DEN
NNG,RGN
TYS,ATL
IAH,ELP
HET,CTU
SVX,SHJ
DMK,MAQ
SJU,VIJ
DME,NCU
ORD,YVR
KWE,KMG
URC,HGH
JED,HOD
JCB,CFC
HKG,SHA
DFW,YYZ
LIS,BCN
THL,HEH
REN,LBD
ATH,OTP
PLS,PAP
EZE,USH
ATL,BOS
AKL,BNE
KWE,CSX
ARN,SFT
MDW,TTN
NKG,PUS
JFK,ACC
PVK,LGW
SXM,NEV
MAN,MBJ
ZRH,BRU
FCO,ATH
AUA,AMS
TLS,ALG
TFN,SPC
BAV,NKG
AMS,PMI
MXP,MAD
GSO,DFW
DME,HKT
FAO,BVA
KWE,XMN
GRW,TER
LAQ,TUN
YCU,PEK
IDR,BOM
PHL,AUS
DPS,SUB
DME,IAH
EMA,ALC
ORF,BWI
OVD,SVQ
BHX,LEI
DTW,CLT
PMI,BCN
MUC,MAN
OOL,MEL
XMN,TAO
TLV,FCO
DEN,GEG
FRA,ALG
SGY,HNS
JFK,EZE
SIN,PKU
AZA,GTF
KOV,ALA
MSP,MCI
KUL,JED
PUS,MNL
PBC,DFW
SWA,SYX
HKG,LYG
FRA,LIS
MPH,MNL
CTU,XMN
GLA,AMS
LBV,ADD
TPE,NRT
LAS,FAT
MUC,SIN
XIY,IQN
ORD,FCO
HAM,AGP
CPH,BRU
WIC,EDI
SCC,BRW
BKK,NRT
DWC,LED
MHH,PBI
ISB,LBA
MSN,DEN
DFW,AMS
FCO,ORD
PHX,PHL
AUH,FRA
BOI,PHX
MAD,BRU
VLC,AGP
CRL,RAK
FCO,LIN
RIC,JFK
SLC,DFW
GOA,CRL
PHL,ABE
FRA,BEG
XRY,HHN
ESL,DME
FUK,HKG
ACV,SMF
CTU,WNZ
MCO,PVD
AMM,MED
CVG,CDG
BEY,MED
HND,OBO
NOC,EIN
CCS,MAR
PBI,LAX
RMQ,NNG
LHR,BKK
MAR,PBL
AYT,GVA
XMN,NNG
AMS,BGO
SAT,MDW
LYS,TLM
SVO,BRU
MAA,LHR
URC,KRY
NRT,FUK
GFK,AZA
NKG,SJW
HBE,KWI
PMZ,SJO
MXP,LIS
XRY,PMI
PER,MEL
CCU,DEL
PMW,GYN
SSG,DLA
BGY,KGS
OSL,EWR
YWG,YXE
CHS,ORD
IAD,YOW
DLC,CGO
NRT,YYZ
SHA,URC
CUU,MTY
HND,CDG
PEK,KWL
HFE,PVG
SIN,ADL
SXF,LGW
PMI,VLC
NBO,MRU
BOG,MTR
TSA,XMN
YNT,SHA
XRY,SXF
AYT,BGO
MIA,CUN
HEL,BCN
HEL,FRA
ORK,GDN
CWB,MGF
AMS,DUS
ICN,KMI
BNA,LAS
ICN,DPS
HKG,KUL
AQG,PEK
RYG,MAD
MTY,GDL
UDR,DEL
ABQ,LAX
KIX,TAO
TBZ,IFN
SXB,TLS
CWB,IGU
LTN,TLV
BRU,DEL
SLP,MEX
DME,SSH
PMI,BGY
FLL,PHX
SJO,ATL
JBQ,PAP
JAX,ATL
DME,OSS
LJG,HGH
BUD,LHR
ALC,NOC
PFO,SOF
DUS,BCN
MIA,STT
ATH,CGN
ABZ,NWI
FRA,CPH
PHX,LIH
LAX,ICN
MTY,VER
AUS,SJC
EIN,GRQ
AJA,ORY
CAI,YNB
DLA,BGF
BKK,SYD
HNL,EWR
CHQ,SKG
KUL,PEN
MYD,NBO
BXR,THR
IST,IAD
YTY,CGO
YOW,YUL
CLY,NTE
CPH,SVO
VLN,BLA
DXB,DAC
FLL,PTY
FRA,NDR
SVX,SVO
MUC,PVK
MAD,DFW
KWL,PEK
DME,LED
DTW,CLT
MAN,BZR
BRU,MLA
LIL,GVA
IND,MCO
BCN,AMS
CLT,PLS
DUS,CWL
MAG,WWK
CTS,HIJ
DPS,ICN
DAC,AUH
BOS,IAD
EWR,DAY
RYG,MAN
PNQ,MAA
DLC,PEK
PPT,MVT
MNL,BWN
JDZ,CTU
ABJ,LBV
BRI,BUD
TYN,HGH
ORY,RUN
VIE,MXP
PMO,TRN
TAG,MNL
HER,SKG
CHA,ORD
PEK,CDG
BFV,DMK
SLP,TIJ
CLT,IAD
SYX,CSX
CMN,TUN
MNL,SYD
NWI,ABZ
RAJ,BOM
MCO,MKE
EAT,SEA
SVO,KLV
POM,TBG
VIE,FCO
TJQ,CGK
CTU,XIC
CAI,EBL
RIX,OSL
KRF,GEV
KHH,CKG
HAN,CAN
KIX,TAO
TRC,DFW
MRU,LGW
ORD,RST
ORY,AGF
DME,NJC
SHP,PVG
LHR,HND
YWG,YYQ
LBD,OVB
ZHA,HAK
PHX,STL
SDJ,ITM
LAS,GEG
SEA,LIH
MFM,TPE
PEK,WUX
LHR,EDI
XIY,NNG
FRS,GUA
ILM,ATL
TLC,PVR
SKZ,LHE
IBZ,CIA
KRT,RUH
LGW,FCO
IAH,CVG
MRS,AGA
LAS,RDU
MSY,ORD
PEK,ZYI
JNB,HKG
LIN,BRU
RST,MSP
DXB,KWI
SWF,FLL
PGD,SGF
BPN,SRG
DEL,BAH
IAH,LHR
LZH,SZX
IAH,ATL
PER,DPS
JFK,SLC
BLQ,PMI
CJS,GDL
LGA,PIT
JFK,FRA
RGN,HAN
MCI,PHL
TRK,CGK
KWI,CMB
TNA,WNZ
SCQ,DUB
YQB,YVB
BZE,IAH
CNX,HKG
RSW,PIT
BRU,AUH
BDJ,SRG
SJD,LAX
TSF,VLC
CAN,IKA
VRN,DME
SHE,HGH
AMS,IKA
LYI,PVG
PRG,KRR
SEA,LAX
YLC,YFB
DMK,REP
HKG,KOJ
CSX,WNZ
LSI,KOI
CTA,FLR
ISP,MCO
SDF,DCA
DUB,ALC
TPE,BKK
FOR,GRU
IST,HAJ
VHM,HMV
WNZ,XIY
MAN,LAS
CIT,OVB
MHD,MED
FRA,NGO
SYD,DFW
YUL,YGW
SVB,WMN
EWR,MIA
GVA,LTN
WUH,XMN
THR,SDG
SHB,CTS
CGR,BSB
CFU,PIK
WUH,CKG
TNA,BKK
NAP,CTA
USM,BKK
BLI,PDX
FUK,ISG
DGO,LAX
SFO,MSP
ADB,DUS
BJL,DKR
YUL,SNU
ABJ,LFW
VHM,ARN
SGN,TPE
NKG,SWA
OPO,PDL
CKS,MAB
SIN,CGK
YYZ,YXE
TRD,BNN
KMG,TYN
HOU,PIT
NNM,KVX
CLT,BNA
ICN,BKK
MIA,GEO
LHR,YYC
AMS,LIS
BLK,FAO
MRU,HKG
ATL,PHX
PDX,PHX
HKG,KMG
NAP,FCO
IGA,MYG
BSB,PMW
TRV,MAA
VLI,SYD
CYF,BET
SJD,CLT
NUE,RHO
MCO,LAX
GYD,NBC
TKS,HND
NMA,DME
AMS,DBV
REU,MAN
ADB,STR
YDF,YYT
ARI,IQQ
LGW,IST
GIG,JFK
MCT,CMB
HKG,CTU
STN,OTP
DSM,LAS
POZ,STN
TKU,ARN
MAU,RFP
LYS,MLA
DFW,JAN
LIS,MAD
STR,VIE
YYZ,ICN
NCE,JFK
SGN,CGK
SAH,AMM
ATL,PHL
GKA,MAG
MRS,LYS
NCE,CDG
KMG,SJW
AJL,CCU
SIN,HKT
BOS,FCO
HRB,TNA
YUL,MIA
LED,KSQ
SNA,PHX
BRE,AMS
NCE,MAN
DUS,MXP
BHM,TPA
HAM,BHX
KWE,HAK
SFO,RNO
NUE,HER
WMI,LPL
DME,PFO
KMG,BKK
UDR,BOM
DCA,BOS
MXP,FCO
WUH,SHE
JFK,VKO
INC,URC
RBV,HIR
WUX,CSX
CIT,ALA
EFL,LGW
NAY,JUZ
KRT,RUH
JNB,DUR
ORD,MKG
HDG,CAN
ICN,SDJ
TLS,AJA
ATL,FNT
BTH,SZB
CAN,SYX
ALG,DKR
DCA,CRW
KUL,KMG
NCL,SSH
WUX,XIY
ICN,TPE
LGW,FUE
KMG,XUZ
VCP,GIG
XMN,CSX
YBK,YCS
BEG,FCO
PUJ,JFK
MDW,RSW
TSN,XIY
HAK,KWE
KWK,KPN
EXT,DUB
DXB,DMM
MYT,MDL
ORD,MEX
PNH,CAN
PYH,CCS
KUT,MSQ
BVA,ZAZ
BTH,PDG
ATL,SAT
SZX,WNZ
FLW,CVU
LOP,CGK
TPE,NRT
CKG,CSX
MAN,ARN
EWR,AMS
AGP,SOU
BKK,KBV
HFE,KWL
REL,CRD
MCO,YYZ
VNO,RIX
CKG,WUH
NRT,HAN
JFK,MBJ
RAS,THR
ATH,MLO
YXL,MSA
FLN,GRU
SLU,FDF
DNR,EMA
DRW,GOV
KBP,CDG
RIX,TFS
SFT,STN
FLL,OSL
KWI,DEL
TSN,HRB
IAS,OTP
RAP,DFW
CTU,BKK
CAN,SGN
KCH,LGK
TLV,SVX
BOM,JDH
TAO,ICN
PUJ,FLL
XMN,CAN
RSW,DTW
JFK,FRA
MRY,DEN
CFE,ORY
PHX,STL
SJW,SHP
LCA,AUH
BCN,CDG
PEK,FOC
SYD,CNS
MIA,CVG
OKA,NRT
SEA,FCA
DLM,EDI
BDL,TPA
MIA,DFW
BOS,BNA
KRR,VOZ
AGP,GLA
ATL,JFK
MEX,SJD
YVM,YXP
LHR,EWR
RYG,KGS
YUL,YFC
PEK,HGH
PER,HKT
BMA,VBY
DFW,SJD
BEG,MMX
MEX,REX
LHR,ATH
SZX,ZHA
PBM,POS
PPT,LAX
MDC,KAZ
BCN,HAJ
TGU,MIA
CSX,FOC
SOC,SIN
LAS,ATL
FNT,LAS
GDL,OAK
CUL,MTY
SSH,SVO
NAV,SAW
MXP,PMO
KHN,PEK
MSP,SDF
BRI,PSA
SZX,XIY
GRU,GYN
SZX,NNG
LHR,IBZ
AJA,MRS
OKA,ISG
YVR,YEG
NAP,LTN
CSX,HGH
CGO,TSN
ACE,LBA
ORY,LIS
SAN,DFW
KUL,MEL
TXL,CGN
MUC,MAH
TPA,LAS
BGY,CRL
DEN,MEM
GMP,USN
XMN,HFE
PUS,CJU
BHX,DUB
KUL,PEN
YWK,YZV
ROA,SFB
CGN,RLG
LGW,KGS
IAD,ATL
IAH,FRA
SHA,HET
OPO,MAD
BGO,ABZ
KUL,DPS
HGH,CAN
RDM,LAX
CLT,UVF
SVX,HMA
NRT,BKK
LGW,HEL
MLA,LGW
SFO,FLL
ATL,MBJ
DUB,LHR
CAI,MED
KKA,UNK
XMN,TYN
PEK,HSN
DFW,FRA
KHV,UUS
AMD,DWC
STN,RIX
FLL,MYR
HGN,CNX
ADB,ARN
FIH,DLA
LBD,SGC
IQQ,ARI
ORD,PVR
SGN,NRT
ATL,FSM
MSQ,LGW
GOT,AGP
AGA,CMN
MCT,SKT
DWC,MNL
PHL,MCO
MXP,PRG
HAM,MUC
HBA,BNE
PNL,TPS
TGD,BEG
TXL,MAD
NAN,MEL
ICN,PNH
SXF,RHO
DCA,GSP
ICN,CNX
GOT,DUS
BEW,JNB
TFS,BLQ
IAH,YYC
LAX,SAF
HET,TYN
TPA,BWI
KBV,BKK
YAY,YYR
SZX,KMG
FCO,SOF
JHB,CGK
SIN,CCU
AWZ,TBZ
NAS,CLT
DTW,GRB
DUS,CAG
ENU,LOS
PKU,CGK
PVR,STL
MUC,BRI
LIS,NCE
CLE,YYZ
DFW,SFO
BEN,IST
DME,BCN
CRL,VNO
RAI,FOR
HND,OKA
HAK,KWE
MBJ,YUL
BIO,ACE
HNL,NRT
CPH,TLV
SNA,OAK
PEI,PTY
STN,GCI
LAS,GRI
PDX,DCA
ESB,VIE
SIN,HKT
AEP,GRU
HEL,MAD
ARH,NNM
ATL,BOS
SYD,BKK
ATH,IST
DXB,MLA
SIN,CGK
HKT,SIN
WAW,LIN
DFW,SJC
TPE,PNH
GZT,IST
CAY,BEL
VIE,PEK
BRU,PMI
ULB,VLI
ADL,KGI
CMN,LGW
PHX,JFK
YKL,YZV
CGH,GIG
COO,BSG
TAO,TYN
NGB,SYX
BAX,DME
APL,MPM
SXM,EIS
NTE,SOU
SYD,TWB
SKD,LED
MUC,IAD
DZA,TNR
FRA,FAO
MDZ,NQN
ATL,BWI
EMA,TFS
ICN,SGN
CGO,CJU
YQB,YGP
LGW,FNA
CAI,AMM
DEC,STL
SVO,BEG
AHO,PMF
GOT,CDG
IXM,MAA
WAW,HAM
PTP,ANU
LIS,FAO
ATL,DEN
DME,FRU
NGO,OKA
KZO,KGF
HND,UKB
GRR,SFB
RUH,ADD
LHR,ZAG
GAL,KAL
PAC,DAV
KUL,CGK
JHG,KMG
KHN,KHH
GFK,SFB
ABZ,OSL
ATL,EYW
KUL,FRA
UET,SHJ
WMI,RYG
SVG,ABZ
ABZ,FRA
TFS,VGO
HKG,WUH
DEN,YEG
ATL,AUS
SLC,PHX
RSW,BOS
IAH,IST
RTB,SAL
WUX,MFM
TPE,BKK
YVR,YQZ
YWK,YZV
KGD,LED
BRN,TXL
OAK,PHX
JAN,ATL
MRS,CDG
LGW,ERF
BKK,CGK
KMG,YCU
REN,DYU
SEZ,JNB
DPS,MNL
AHB,TIF
OUA,NIM
MEM,BWI
SFO,FRA
AVL,DTW
SZB,AOR
ORD,VIE
CKY,OXB
TAO,KMG
WIC,ABZ
CAG,PSR
BGI,SXM
ARN,OAK
TJM,UFA
JKL,ATH
GOI,MAA
MAH,GRO
FRA,DFW
PEK,CGQ
PEN,HKT
IAD,TYS
JFK,RDU
MIA,IAH
XIY,NKG
YQB,YUL
PSP,YYC
RUH,KWI
YER,YXL
CJJ,CJU
KMG,DLU
SHX,ANI
SFO,FRA
BKY,KOO
MHC,PMC
SIT,KTN
ZRH,TFS
CGN,MXP
EMA,WMI
PER,PBO
PER,ASP
WUS,CKG
IKT,KJA
TZX,ADA
SUB,BDO
AER,KIV
ORN,LYS
PHE,MEL
JNB,VNX
ICN,YGJ
SNN,ALC
ACE,TFN
AWZ,THR
URC,CTU
TLS,LYS
RAP,ORD
DFW,AUS
DEN,ORD
PMO,TRN
BHX,LCA
BKK,ICN
ZRH,SZG
ORD,SFO
SGN,PXU
LYS,BCN
VCE,HAM
RRG,MRU
MCT,BEY
MCT,AUH
PVG,HMI
LHR,BSL
DBV,MAN
CPH,DUB
CRA,BGY
IST,AUH
DEN,GRR
HKG,PEN
LED,PRG
HTI,MEL
IAD,CLE
DTM,VNO
FLL,ORD
PTY,SAL
BCN,JFK
CGK,BTH
ATL,MTY
FRU,TAS
MUR,ODN
NCL,DLM
BRU,ZAG
LOP,DPS
PHL,FLL
HKD,TPE
RDU,MIA
ELM,PHL
PMI,BOH
SYX,SZX
RAI,BVC
TLC,LAS
MAO,PMV
MAH,EDI
LJU,HEL
IAD,YYZ
AMM,ORD
FOC,CSX
OKA,PVG
PEK,JFK
OSL,SVO
TGU,GUA
LAS,PSC
LPA,ORY
SJU,JFK
MKE,MSY
MMX,SKP
HEL,GOT
MXP,FRA
PEK,LJG
EVV,ORD
BKK,ZRH
LED,ROV
DEN,YMM
VLC,STN
PRG,OTP
DFW,ACT
PVG,RMQ
KWI,FCO
HNL,LAX
KDI,CGK
AMS,BRN
EMA,AGP
VTE,ZVK
RAK,OSL
AGP,PMI
EDI,DLM
YIC,PEK
CGK,TNJ
SYX,SHA
JFK,ORY
MSP,CID
ATL,GDL
DEL,IXC
TMR,INZ
LCY,DOL
RGN,MDL
CBR,MEL
MXP,BHX
SIN,FOC
HGH,NNG
MIA,PIT
PNR,CDG
SIN,CAN
CTU,YNT
HKG,CNX
DEN,MSP
GWL,BOM
FCO,KBP
LWS,PUW
JRO,DAR
LPA,MUC
SLC,ANC
FCO,SVX
SYZ,THR
BAV,PEK
LEI,MLN
JHG,LJG
CDG,PUJ
EYW,MSY
DEN,SJC
ATL,FLL
FLL,ACY
CDG,MIA
COS,SFO
GOT,OSL
HRB,JXA
AET,BTT
ENU,ABV
KDH,KBL
DUS,ATL
MNL,PPS
ITB,STM
BNE,GLT
GKA,LAE
CWL,TFS
TRC,IAH
ORD,PHL
SKG,HAM
XMN,NKG
CMN,BRU
MOQ,TLE
XUZ,CKG
TRD,AGP
NGB,KHH
LBV,BZV
EDI,SDR
TLS,RAK
CUN,YYZ
BEW,JNB
MIA,ORD
PUS,FUK
PRG,NCE
BRU,OSL
PPT,TIH
AMS,LIM
BHY,KMG
DIB,DMU
ORD,CVG
CAN,MNL
DMK,NGB
ZLO,LAX
KUL,SOC
RUH,SAH
SAL,MCO
RUH,LKO
ORY,ALG
LAS,DFW
CTA,STR
IXS,CCU
DXB,MED
AAE,ORY
MOL,OSL
BEY,NJF
WAW,GSE
BON,AMS
REC,GIG
BHV,KHI
AMD,AUH
OKC,DEN
FLL,MGA
FOC,NKG
LPL,GDN
HGR,SFB
TMM,RUN
SLC,COD
STR,HAJ
CKY,NKC
BDO,KUL
SLC,PHX
CVG,DCA
BIA,NTE
FOC,CTU
NYU,RGN
DAY,DCA
AMS,EWR
JNB,SYD
DAU,POM
FOC,WUH
VCE,SVO
TLV,KRR
LGW,FAO
RGA,RGL
HHH,CLT
SZX,CTU
KHI,UET
DXB,BOM
LHR,SOF
CWL,JER
TPA,BWI
JFK,BCN
SYZ,DXB
TSN,SHA
YUL,DTW
RAK,BRS
DTW,FLL
NRT,GUM
DFW,LGA
OSL,DUS
URC,FRU
MSY,DTW
CCC,HAV
AAE,MRS
MIA,TXL
IBZ,STR
BOS,PQI
SXF,SZG
VVO,NRT
SHA,KWE
BKI,HKG
AEP,MVD
XMN,WUH
WAW,BVA
ACC,JNB
BNA,ECP
AYT,PAD
PIA,ATL
GEG,DEN
ATL,DAL
PHX,YEG
DOM,PTP
MCO,YYZ
LTN,FUE
YZV,YGV
SGN,FUK
ORY,VLC
TIP,BEN
EZE,GYE
CAG,PEG
CCU,BBI
ATL,JAX
SAW,HAJ
KHH,MFM
LOS,QUO
RNS,SOU
FRA,ATL
SFB,ELM
ARN,HEL
DEL,VNS
EDI,LYS
KUL,HKT
FLL,EYW
ATL,FLL
CNF,UDI
TXN,XMN
VIE,MSQ
DME,CMB
DEL,KBL
KAJ,HEL
FRA,CMN
DFW,GRU
FKB,ZAD
TSV,DRW
YWG,YXU
ATL,CUN
NAV,IST
MCT,ISB
CDG,CAN
MNL,LGP
MFM,NRT
TAS,DME
CMB,SIN
SPS,DFW
VIE,OTP
YUL,MUC
KWL,CTU
TPP,IQT
ESB,ERC
KWE,CKG
PFQ,THR
CMB,MLE
ZUH,XMN
DCA,HPN
AUH,DUB
NAS,ATL
JJU,LLU
MIA,MEM
CTU,NKG
TPA,FNT
LHW,XIY
BKK,NGO
DEL,JLR
MXP,SAW
VCE,MAD
BOS,DUB
ATH,FCO
LHR,BWI
CMN,NKC
PER,BNE
CGH,SSA
IXS,CCU
ATL,CLE
SVQ,TFN
CFR,AJA
LIS,BRU
ORF,CLT
RIX,CPH
LAX,TLV
LIS,CDG
TLH,MCO
EWR,GLA
IST,HRG
BEY,ALG
RYG,BCN
LAX,MZT
YEG,YZF
MPL,LYS
ATL,CLT
YYC,LAX
PHL,RSW
ICN,HRB
CGP,MCT
EYW,FLL
MAD,PHL
TAM,IAH
ULN,MXV
CNX,DMK
DME,NMA
LHR,PHX
PIT,JFK
IST,AMM
CDG,BEY
GLA,LSI
URC,KHG
MFM,NRT
NNB,HIR
DOK,IST
FCO,BRU
ABQ,DEN
MCI,ABQ
PMI,STR
ICN,SIN
BRU,MLA
STS,SEA
LPA,TFN
WLH,SON
ORD,GDL
SYX,HKG
LIS,BRU
YHZ,YUL
SIN,LHR
CLE,ORD
MKE,PHL
XUZ,TPE
ATH,MLA
RSW,ATL
DME,DUS
JED,CMN
PNK,KCH
SCL,ANF
BHX,HRG
BNA,TTN
BHM,LGA
OGG,SAN
HRB,XIY
BUZ,THR
HET,PEK
BUD,FCO
DEN,ALS
TFS,LPA
FUE,LGW
KHI,JED
TNG,AMS
CDG,NIM
UBJ,ICN
CDG,BES
MAN,LPA
JED,DXB
DEN,FAT
BRI,BLQ
PIA,MSP
CRL,FSC
MNL,FUK
JNB,AUH
LGW,LCA
KWL,XMN
XRY,STR
PVD,CLT
BHY,CKG
SJU,PHL
MRU,FRA
LIM,EWR
SAH,BAH
BKK,RGN
AJA,NTE
VNO,CPH
BRS,TFS
MDG,ICN
MRV,DXB
MGW,CKB
ATH,DUS
TXL,GDN
CSX,TNA
KEF,LGW
KMG,CMB
YFB,YAB
KGI,PER
LIM,SCL
DEL,MCT
TPE,AKJ
CCS,STD
BKK,HKG
FLL,AUS
LHR,TLS
LIS,SID
KMG,VTE
FCO,PHL
BHY,CGO
EMA,JER
JFK,CCS
IAH,LIR
MIA,SDF
SAW,AYT
SCC,ANC
SJU,AXA
NCE,NCL
SHP,PVG
STN,KGS
VNO,DTM
LAS,BWI
ATL,CHA
MED,HTY
LAS,AUS
MRS,AMS
MSR,ESB
KUL,CAN
WUH,SHE
DEN,YVR
GIG,DFW
HAK,CTU
BGY,CAG
KWI,LXR
YQB,YBC
DTW,GRU
SLC,PHL
IAH,LAS
FDH,PMI
LHR,ZRH
SYZ,KWI
EWR,ZRH
FCO,BSL
LBD,AER
BNA,DFW
SXF,MSQ
LHR,PHX
BEG,ESB
KUL,PVG
BKO,CKY
JNB,MPM
IIL,THR
RIC,BOS
YZF,YEG
NDG,PVG
CJB,BOM
CTS,IBR
YUL,TLS
KKA,ELI
CDG,NIM
HET,URC
YBP,KMG
KBL,DEL
EWR,SJU
UFA,GYD
DEN,OKC
SCN,TXL
DUB,CFU
KWE,TEN
FWA,ATL
LYS,SVQ
TUN,LAQ
RZE,FCO
GRU,SSA
PCR,VVC
GYE,CLO
LAS,PHX
LIN,FRA
MRU,BLR
LAX,SLC
MUC,GVA
MLU,DFW
HRG,SVO
BXU,MNL
BIL,GGW
RAR,MUK
CEB,MPH
MSQ,WAW
FOC,CZX
CDG,DEL
PLM,PGK
TGJ,LIF
MEX,MAM
LHE,AUH
SIN,SGN
PHL,STL
CMB,BOM
DYU,CEK
CGK,SIN
BKK,HKG
MAA,TRV
VIE,SZG
JFK,NRT
NIM,COO
HSV,CLT
MGF,CWB
MEL,BNE
WAW,SPU
BOM,AMD
ORK,STN
WNZ,PVG
SJO,PMZ
TSN,CAN
FRA,FMO
CLT,ANU
BKK,HAN
FDF,ORY
ATL,DUB
MAD,LIS
CEK,PRG
DAL,SAT
GLA,EWR
LIS,AMS
MEL,KUL
MUC,SAW
GST,JNU
DFW,MLU
KHH,HAN
CGK,PKU
MDL,BKK
SHJ,SLL
SIN,HND
RAI,CDG
LHR,OTP
FLL,BUF
SSH,MAN
GOI,KWI
CIA,CAG
NTE,MXP
LAX,EUG
NNG,NKG
BGY,RIX
LJG,TNA
STN,SNN
ELP,LAX
LHR,TXL
DCA,BNA
JOG,SIN
AMS,SFO
ATL,DFW
LTN,PFO
SVX,MRV
DUB,BOS
FNC,LPA
MAD,FUE
TOS,OSL
NTE,PGF
ELP,SAT
GDL,SNA
PMW,BSB
DFW,MHK
BKI,BTU
NAP,GVA
CGO,KRL
AYT,EIN
TRS,VLC
DXB,CCJ
NYU,MDL
NUE,TFS
YQR,YYZ
JAV,GOH
SHA,TSN
IXE,DXB
NEV,STT
BLL,BGO
JAX,ATL
SYD,HKG
MAD,ORD
ICN,LHR
BHK,TAS
CCC,YUL
PMI,HHN
NAN,VLI
SFO,MCO
VKO,MIA
PMI,ALC
ATH,BEG
MCO,LAX
ROA,CLT
YPL,YQT
REP,HAN
LPA,LIS
KWL,CKG
SUB,MDC
CIA,NRN
IXB,DEL
WWK,VAI
HEL,SVX
OIT,ITM
COO,LFW
OKA,KHH
WMI,NYO
GDN,MMX
BNE,DUD
GTE,GOV
SFO,SBP
BUD,BRU
KWI,AMS
FLL,DEN
ATL,JFK
TLS,CDG
CSX,KWE
MCO,YYZ
OTP,NCE
KHG,CTU
PHX,IND
ALC,LTN
CGO,CAN
VCE,NAP
FUK,SDJ
ISG,HND
CSX,PUS
BIO,LHR
CKY,DKR
YAA,YVR
PVG,CAN
KRL,URC
DAT,XIY
DUS,CFU
PEK,XMN
SIN,BOM
FLL,CTG
ELQ,JED
BLL,AHO
SLA,COR
SCL,LIM
LAX,MFR
FKB,TPS
AMS,CDG
HGH,SHE
EIN,MLA
VNS,CCU
ZAD,MUC
LIN,WAW
DME,EGO
LHR,ORY
AMS,TLL
LAD,CDG
OKC,IAH
CGO,LHW
CZM,ATL
PDX,EUG
NKG,TPE
NAN,WLS
BGY,CRA
ECN,IST
BRS,KUN
DME,TOF
PAT,DEL
DEN,PHX
CGH,BSB
TMP,BRE
MXP,BRU
PLX,ALA
CAN,KHH
MSP,LAN
AMS,CTU
CDG,MAN
BRS,CFU
MCT,CGP
VPS,ATL
PBI,DCA
MJT,MUC
GAU,CCU
LAS,RAP
FMM,FAO
SUB,BTH
KWL,CGO
WUX,PEK
BOM,MUC
CPE,MEX
MEL,LAX
MQM,SAW
STX,MIA
BUF,CLE
ATL,CID
HFE,CAN
UVF,EWR
TFS,ZRH
CMH,YYZ
BDS,BVA
LAS,ABQ
MNL,CGY
ORK,ALC
IST,BUS
PEK,NNG
AMS,ORD
FLR,CAG
KIX,CGK
FRA,LYS
SNW,AKY
MDW,DTW
ATL,MCI
ATL,ZRH
SWA,SHA
MZV,BKI
ULP,WNR
CGY,BCD
ATH,AMS
ESB,SAW
PDX,LAX
PBI,ATL
TRC,MEX
URC,TAS
ALC,MAN
HOU,BWI
GVA,WAW
PIE,MLI
GLA,FNC
BOH,AGP
ZUH,SHA
TLH,ATL
MIA,FRA
LUX,FAO
SKG,CPH
ICN,PRG
ZIH,TLC
KWL,HGH
LAP,CUL
MIA,BCN
YLW,LAX
PRG,TLV
PIK,REU
XIY,CSX
GLA,HER
CKG,XIY
LEJ,HRG
CVG,DEN
LEI,PMI
MCI,ATL
CDG,FDF
NNY,NAY
ORD,YUL
BWI,MKE
BRS,AMS
COO,ABV
BNK,SYD
KMG,NKG
ATL,LAX
TIP,JED
HKT,SVX
MLE,PEK
SIN,NRT
ACE,MAN
SMR,BOG
XIY,KWE
PIE,SGF
NRN,BZR
FAR,SLC
MTY,TAM
BEG,EIN
RVV,TUB
COK,TRV
SZX,URC
ALS,DEN
ATL,IAH
ATL,HOU
ZAD,FDH
CSX,PEK
BHD,FAO
TAO,XMN
CLT,OAJ
HGH,CGO
FCO,RIX
DCA,TPA
SLC,DEN
JFK,LIM
IST,AYT
PUJ,DTW
MFM,PVG
NAS,AXP
POA,GRU
SJU,NEV
KBP,GVA
SXF,SAW
LGW,NAP
CAN,XMN
MIR,TIP
CIF,HRB
LHE,JED
RGN,TPE
FRA,SPU
LIH,YVR
PHL,MIA
BOG,FRA
SUV,NAN
PNS,CLT
IST,MHD
XIY,PVG
PLW,UPG
YNJ,DLC
CRL,ZAZ
UPG,LUW
CJS,TIJ
HEL,KAO
SLC,LAX
FCO,SKG
IBZ,SEN
HKD,TPE
SHJ,MAA
BRI,CAG
LUX,DBV
ARH,SVO
BRU,SCQ
AJL,GAU
MRY,PHX
PEK,SHA
FNT,ATL
CSX,WUX
IAH,LHR
CLT,MCO
JNN,LLU
NTE,AJA
DRW,GOV
CRL,RYG
RAI,SID
SCL,AKL
SLL,JED
ORD,ATL
DLM,LTN
TNA,LHW
XRY,STN
CUN,LAX
IST,IKA
SJW,BAV
CLT,SJO
ALC,IBZ
DUS,SAW
TAO,CGQ
NBC,LED
CPO,CJC
RSW,CMH
DUS,CTA
TPE,NGO
SJJ,SAW
FAI,BTT
LJU,CRL
MRS,CDG
GRZ,DUS
TPE,HKG
GOJ,EVN
NTE,MRS
LED,UUA
BKI,SBW
TOF,SVO
AUH,LOS
SFO,ICN
DME,RHO
EWR,GVA
LEJ,PMI
MRS,CTA
STN,BTS
ATL,SHV
KMG,LJG
PEK,SHE
OAK,OGG
ICN,HKG
SIN,BPN
ZLO,IAH
SGU,SLC
TLV,BOM
CDG,ALG
SEA,BOS
SMF,SNA
LUX,TFS
TSA,CTU
YYZ,DFW
LIR,EWR
YZY,XIY
PHX,SMF
XMN,CSX
IST,ZAG
RIX,KBP
RTB,ATL
HER,LED
BWI,ATL
SGN,PEK
ONT,PDX
ORY,FCO
DFW,CUN
MBJ,MDW
SZX,ICN
ORD,YQR
VIE,ESB
NAN,CXI
CFR,ORY
IBZ,BSL
KUF,ALA
MEX,AMS
DTW,LAN
TNR,JNB
BOD,MUC
NAS,PTY
CMN,FCO
GSE,SKP
CAN,SHA
FRA,ASB
CGK,TTE
AGP,EIN
ALC,ZRH
ZRH,CAI
JTC,VCP
MDW,MCO
DSN,PEK
LUX,LIS
MIA,LGA
YHD,YQK
CAN,CKG
XMN,NRT
OSS,SVX
ATL,SFO
BKK,MFM
HRB,TGO
SYX,ZUH
EMA,GRO
PMI,LGW
MAN,TLS
CTU,CSX
SFO,LAS
ATH,BEG
AUH,DEL
MGA,SJO
DUB,CCF
AMS,MRS
KBP,SIP
YYZ,BCN
SZG,SXF
SDU,GYN
SKG,HAJ
MLA,ATH
DIE,TNR
JNB,TNR
FCO,KBP
SHJ,NAG
NCE,FCO
ORD,YVR
PUS,NRT
LIS,EIN
MSP,SAN
ATL,SJU
KZN,DYU
CCU,IXR
HRB,PEK
LAX,DEN
ALC,LGW
DLC,TNA
JTY,LRS
TLV,BRU
GIG,CGR
AUH,AMS
KMG,DLU
HAM,BIA
BSL,HER
SID,STR
EWR,CLE
MCO,BUF
MFM,TPE
TAO,WUH
GLA,IBZ
CIU,DTW
MIA,REC
COK,BOM
FLL,MKE
LBD,CEK
PNR,COO
MAA,COK
LIS,LUX
YHM,YEG
CGN,BLQ
CAN,MEL
PER,MEL
TSN,CTU
SFO,HND
SLC,JFK
TAO,HGH
LAS,LAX
JOG,BPN
SDU,BPS
CFS,SYD
MCO,RIC
MAN,CFU
SAW,MLX
MLE,FRA
SOF,MAD
SPC,MUC
SYD,AKL
DEL,BBI
MKE,BOS
SHE,CJU
ACE,ZRH
HAM,AYT
HPN,PHL
KTM,HKG
LJG,TCZ
SHE,FRA
NKG,HAK
SKT,DMM
CGK,DJJ
SFA,TIP
TPE,NRT
STN,FUE
MEM,DFW
CDG,BKK
BWI,DFW
ATL,DEN
PIK,MLA
STR,BCN
GEA,MEE
JFK,SXM
DUS,ALC
POA,LIM
CTU,SZX
LAX,GUA
JED,EJH
YMM,YEG
DFW,MIA
PEK,CKG
SAW,ATH
CTS,UKB
WAW,ATH
LAX,TUS
DFW,SLC
SOQ,MDC
DXB,BEY
WRO,ORK
RIC,ORD
AUS,LGB
JER,FRA
MYR,BOS
RIC,MIA
GDL,LAS
ICN,HGH
GRO,POZ
BRI,MUC
ACC,NYI
BGO,LPA
SIN,DAD
CAN,URC
ARN,IST
PPS,MNL
EXT,GLA
HAV,FRA
BUA,POM
ORY,BIA
SPU,OSI
ORY,AAE
SHJ,ADE
HLN,SLC
LPL,KGS
LJG,NKG
AMD,PNQ
ACE,FRA
WIL,MRE
MAD,BOS
PMI,MUC
KUL,ICN
MAN,PMI
MEX,LAX
HVN,PHL
VIE,MUC
OAX,MTY
AYQ,SYD
LAX,ZIH
CTU,NNY
SEA,LGB
RUR,PPT
DXB,DUS
ESU,MRS
CFE,LYS
MYR,ORD
CPH,ARN
MZT,PHX
BUR,DEN
GTF,DEN
DEL,MAA
DRV,HAQ
BEG,TXL
NYO,MLA
KRP,CPH
YNT,CSX
DPS,TMC
ZRH,FUE
CDG,TNR
TLV,MXP
ACX,CAN
GEG,DEN
LAX,SFO
CAN,KIX
CGO,KMG
SLZ,BEL
TMW,SYD
BRS,TLS
NKG,DYG
ABX,SYD
MLE,VKO
KMG,DAD
DTW,BDL
SIN,PNH
EBL,DXB
GCI,JER
BLQ,CDG
MEM,CLT
RSW,DTW
BVA,AGP
VNO,KBP
KTS,WAA
DUS,DUB
BCN,LIS
BCN,LYS
DCA,PVD
MCO,MHH
LGW,SSH
KBP,VIE
KIX,CJU
CDG,NCL
LAX,SJD
BLL,CPH
CKG,CSX
KTM,DEL
BEG,LTN
MFM,SHE
AHO,GSE
YCB,YCO
DTW,IND
VTE,LPQ
TGO,NKG
CWA,MSP
ZQW,LPA
TUS,PDX
LAX,MIA
PMI,MAH
PUS,CJU
GVA,VCE
MPL,NTE
OKA,ICN
BPN,BDJ
ATL,FLL
PEM,CUZ
SHE,NKG
SXF,DUB
NAG,PNQ
MMX,ORB
LGA,DSM
BKK,MAA
YZT,ZEL
ZAG,CGN
STL,MSY
DXB,NRT
AVP,PHL
OLB,FRA
GIG,REC
FRA,LNZ
ADD,DMM
DMM,CAI
PNR,COO
ACE,MAN
MAN,DLM
SHE,TNA
DEN,YWG
ORD,DEN
MED,RUH
NGB,CSX
LPA,ZRH
FSC,ORY
KGL,EBB
FNC,LBA
LIS,BOD
AMS,BOS
MFE,LAS
STL,CMH
RAK,BCN
LTN,OTP
BHM,CLT
ATL,SLC
HOU,ISP
YDP,YYR
CDG,MAN
ACE,MAN
BLQ,ARN
MRS,MXP
MRV,SVX
PVH,RBR
KBP,RHO
VAA,ARN
CLT,UVF
ROR,TPE
PSA,BDS
WIN,LRE
CDG,SFO
DTW,NRT
MYY,MKM
SFO,PHX
DTW,YYZ
YYZ,MIA
CKY,DKR
NGB,CKG
CGO,HET
GUM,SPN
BLL,AMS
BOG,CTG
HAU,ZAD
CWL,AMS
PMI,ILD
OMD,WDH
BKK,AMM
CFU,BRS
TFS,LGW
PNR,BZV
KGS,KRK
BDS,MXP
TNA,HRB
OKA,KIX
DEN,EUG
LHR,YUL
KEF,CDG
FRA,MCO
HAM,NAP
HGH,RMQ
MDW,TPA
LJU,WAW
STR,RLG
PRG,FRA
BRM,CCS
ORY,JFK
PLS,JFK
UPG,SIN
PEK,GMP
CEB,BXU
CTU,SWA
GRJ,JNB
BHD,SOU
DCA,MEM
KBP,ALA
PFO,EMA
MEX,CTM
HAS,DMM
SHA,GMP
NNG,HAK
AUS,ORD
NJC,HMA
AUS,JFK
CGN,SAW
BKZ,MWZ
BQS,KHV
RUN,NOS
TUN,MLA
EZE,FLN
POA,IGU
PRG,AMS
YUL,PUJ
YKS,SVO
URC,LHW
CDG,MRS
MUC,ZAG
LUX,DUS
YGX,YTH
LGA,RIC
RMQ,HAN
AHO,BLQ
DLM,BRS
BOS,LGA
DEN,MKE
STR,HDF
DPS,SYD
SEA,OAK
LXA,NGQ
UET,LHE
LHR,KWI
FRA,PRN
LPL,LIS
SZX,YCU
CDG,PUJ
URC,SHA
VNO,LTN
ORD,DCA
AMM,FCO
STR,DUS
BUD,BCN
LHW,TYN
AMS,PUJ
CGN,SJJ
KWE,HGH
ORY,SOU
IBZ,HHN
KUL,BWN
LAS,LRD
SKT,SHJ
DEN,EUG
ATL,BTR
HLA,CPT
TRD,NCE
SPU,BEG
MME,ABZ
SHJ,IXE
SDQ,SXM
TAO,TSN
KEF,LGW
MSN,CVG
DXB,ADE
TXL,NUE
MAD,ZRH
IPL,BUR
MPM,CPT
EWR,PDX
ICN,AUH
ARN,FAO
INC,PEK
ATL,CAE
BTR,DFW
PMI,LNZ
TUK,MCT
ATL,IAH
BSL,CPH
AZO,MSP
MVD,GRU
AMM,DWC
FRA,TUN
CDG,SVX
BOG,PUU
IPA,VLI
CGO,CKG
ICN,JFK
MAN,IBZ
MCT,ZRH
HOU,PHX
CMB,SIN
OTP,SOF
SMF,LAX
LGW,JED
SJO,PJM
DKR,LPA
RNA,IRA
BCN,AMS
ATH,JNX
GNV,CLT
SKZ,ISB
GUM,SDJ
MXP,FCO
BKK,KKC
GOT,LGW
ZQN,AKL
PDX,JFK
NCE,BRU
OUA,ADD
PIK,CIA
SJU,NEV
CLO,BOG
XIY,URC
SZX,NGB
MIA,SXM
MDW,DEN
NGO,OKA
DMK,WUH
NDR,BCN
YMN,YSO
CLT,FAY
ORD,ROC
EGC,EMA
GUA,SAL
TXL,VNO
DAT,PEK
FRA,LPA
SZX,TYN
PRG,AGP
BRU,HAM
BHM,ATL
XMN,NNG
LAD,FIH
LFW,ACC
SEA,ORD
PDX,ABQ
ORD,SEA
TPA,PBI
BFJ,SHA
AGA,BRU
NDJ,KAN
DME,NYM
MFM,XMN
FRO,OSL
TLS,LHR
DWC,KUF
MAN,REU
BLQ,CDG
KMS,ACC
DLC,NGB
CDG,HKG
DME,NUX
MUC,EWR
YNO,YRL
VLC,TSF
OPO,BRU
ATL,PIT
ZAD,BVA
YYZ,AMS
SFB,HGR
GOA,OLB
DEN,SJC
MTR,BOG
SJD,DFW
JJN,TPE
LHR,SFO
CPH,FLR
BOG,MIA
YYC,YXC
BBI,CCU
CAN,CZX
IBZ,BOH
BZV,FIH
HRL,DAL
MRS,OPO
YPJ,YTQ
EYW,TPA
FUE,PSA
DTW,MCO
TTE,MDC
JED,HBE
LJG,KMG
MBA,IST
NTL,BNK
YEV,YUB
FRA,ZRH
PVG,CSX
ECP,BNA
AZO,ATL
PAD,MUC
KMG,TSN
YVR,LAX
PRG,FRA
ORD,CUN
EDI,BRS
LCA,RIX
RIY,SCT
BLI,OAK
BOM,JNB
CKG,CSX
YEK,YYQ
LPA,ACE
SAL,BZE
HGR,IAD
MDW,BNA
FCO,PRG
SAN,DFW
ORD,YYC
ALC,BRS
TYN,SHE
EDI,LHR
DLU,KMG
CUN,CVG
DEN,DDC
PMI,HAJ
POP,CDG
JER,NCL
JZH,CAN
YQT,YFH
KHI,IST
CPT,GRJ
NGO,PUS
BHX,SNN
PER,KNX
MCY,MEL
TXN,SHA
WDH,SDD
HEL,SVX
OSS,SVX
BKI,SDK
DLI,HAN
HIJ,CTS
MDW,OKC
ABJ,LOS
LZH,CTU
SJW,KMG
YNT,ICN
GRU,LIM
JNB,CPT
ADL,PUG
LIM,VVI
CNX,BKK
TAO,KHN
NGB,LJG
PMO,TXL
TAO,XIY
CTU,NRT
VCL,HAN
ILM,LGA
SIN,SYD
EBB,BRU
PER,BNE
AMM,DXB
UUA,LED
SDJ,CTS
ILM,LGA
SXM,CDG
SIN,JOG
DWD,JED
CTA,CPH
AWZ,MHD
CPH,ORY
FCO,OLB
XIY,TXN
SKG,FRA
ORD,DFW
GRO,CAG
SEA,PSC
NGE,NSI
ICN,HAN
LJG,JHG
CPH,DUS
XMN,TAO
LPA,BRS
IOM,MAN
PVG,KUL
HUH,RFP
SLC,MDW
PDX,LAS
NRT,TPE
LAS,LAX
MEL,SIN
DXB,LKO
LEJ,MUC
ICN,MYJ
ASB,ATQ
PVG,PUS
GSP,DCA
MGW,IAD
MCT,KHI
TYN,DAT
FRA,GVA
MEL,OOL
BCN,CPH
SJD,DFW
WRO,STN
MSY,PHX
AUS,DFW
PSA,STN
PSP,SEA
MEL,HBA
FKI,GOM
AFA,LUQ
PER,DXB
DUS,CUN
NNG,WUH
PVG,KWL
CBR,BNE
BKK,NRT
EWR,PVG
GRU,MAO
NAY,BAV
YEG,YOP
TRV,SHJ
BNA,CMH
SEA,SJC
ICN,DXB
ORD,ELM
SOU,LIG
MED,SAW
VVO,UUS
LYS,LHR
SSA,AJU
LGK,PEN
DUS,BHX
GOT,IKA
GLA,LHR
CTS,HND
SAW,BEG
PSA,MLA
TFN,BIO
PDX,SLC
DLH,LAS
CDG,BRU
ADL,SYD
FOR,SSA
BNE,BKK
FLR,LCY
KWI,MHD
HRB,SZX
PEK,DSN
ATL,AUS
MSP,MDW
SIN,FUK
ATL,JNB
MEX,ORD
TZX,IST
HGH,KWL
MAD,VGO
EZE,IGR
BCN,NCE
LAS,MAF
KMG,KHN
CLT,PHF
CSX,KHH
HAN,FRA
LAX,CVG
MUC,GWT
HET,CSX
AUH,SIN
PMI,ORY
REN,DYU
JFK,MAD
XIY,XMN
NGB,SYX
TTN,CVG
TXL,AYT
TGU,PTY
DXB,KJA
MEX,PVR
USK,UCT
HEL,DME
SNA,MEX
DUS,HER
MAN,CIA
SEA,ATL
LIN,ORY
CNS,RAB
OTZ,DRG
NKG,CSX
TPE,NGB
OAK,DEN
AYT,ERF
WDH,CPT
WUH,XMN
EIN,CIA
GRU,CGR
NAY,CTU
SYX,KWE
FRA,JED
CCU,SHL
CGK,PDG
GSP,ATL
AMS,SXB
IND,EWR
HAN,PVG
KMG,WUH
YFB,YGT
LIL,BOD
SKG,NYO
ALB,ORD
YYZ,LAS
DUS,DME
CGO,KWE
DUS,NRT
AUH,LHE
CLT,ATL
FRA,KBP
PEK,KWL
CLT,GSO
YYZ,LHE
STR,ALC
ALG,MAD
OVB,SVX
MUC,SBZ
JNB,RUN
ICN,CEB
PER,DXB
GAL,KAL
MCO,IAH
BWI,PWM
CCU,IXB
PVG,TNA
MTY,CUU
KLO,TPE
AKL,APW
TAB,POS
MUC,GDN
YUL,PTP
LHE,AUH
SYR,ORD
ORY,NCE
PRG,KBP
HRB,YNZ
CAN,CAI
JFK,KIN
SUB,DPS
CGK,SIN
BLQ,MAD
ACX,KWE
CIA,CHQ
KMG,TAO
PMI,CGN
SZX,YTY
MEL,LAX
VKO,IEV
KUL,TPE
CAW,VIX
BNE,HKG
VIE,VLC
LIS,ARN
ORD,AMM
MLA,RIX
BSL,PRN
AYT,STR
SIN,MAA
BCN,BIO
OSL,AGP
YNJ,CGQ
BDA,ATL
TAS,VOG
MMY,HND
SAL,ORD
GYD,MXP
KBL,DYU
RIX,AMS
JZH,CTU
MRU,ORY
MSY,MCO
FRO,HOV
HSN,XMN
ORD,IND
TFS,KBP
YKS,CKH
MAD,HEL
BDO,SUB
MUC,LPA
SXF,CPH
SVX,CDG
FRA,SOF
GRU,JFK
CGK,JOG
LRR,SHJ
PSA,GSE
PHL,PHX
SHE,TYN
CKG,SYX
CAI,CPH
CGB,MGF
DTW,MDW
CDV,ANC
IQQ,SCL
AGA,MAN
TUG,MNL
SUF,MXP
KWL,XMN
KWL,HGH
PUS,KIX
FRA,JFK
LUN,WDH
BAH,MCT
ZRH,RIX
LTN,KIR
MCO,YYZ
RIX,HEL
DUS,FLR
MBJ,DFW
JNB,MUB
FRA,PVG
OUA,BRU
MHD,ACZ
CDG,MUC
BCN,HEL
JOI,GRU
SYX,CTU
CGB,GRU
BND,THR
KWI,JED
PEK,JDZ
UPG,DPS
LHW,CGO
HOU,TPA
CLT,SXM
MCI,STL
BRE,LPA
LAX,FLL
JFK,TXL
BRU,LIN
AMS,CMN
ATW,ATL
KRL,HMI
MAB,AUX
YYZ,JFK
EIN,DUB
BIO,PMI
TEN,SZX
FAR,PIE
RUH,GIZ
NRT,SVO
LIS,VCE
CPT,DUR
CPH,AES
MED,AMM
SZX,HGH
ANC,ORD
PUJ,PTY
AMS,LIS
MXV,ULN
CLT,ANU
ORY,HEL
SAL,LAX
TAO,KMG
SNN,FAO
LGA,ATL
PRG,HEL
ORD,BOS
SYD,WLG
SHA,PEK
GNV,MIA
BUR,SEA
KHH,SGN
ONQ,DTM
DEN,PHF
GDL,ATL
MEL,NTL
KUL,SDK
FCO,NCE
CLT,PDX
EWR,GSO
GAU,IXB
XMN,HGH
FMO,STR
BOG,GYE
BOS,ORD
BOG,LET
TYN,CTU
TMP,GRO
SEA,EWR
SJW,SHA
JYV,HEL
DLC,CIF
NGO,BKK
DLC,XMN
IST,JFK
AOI,DUS
HOG,FRA
NBO,SAH
BLR,MAA
ZRH,TLV
CPH,VIE
BGY,PMO
PEK,FRA
MCT,RUH
GEV,KRN
JFK,FLL
ICT,ATL
SHJ,SYZ
MSP,LHR
MDW,SAT
BKK,NRT
ATL,CSG
PHL,MUC
VIE,IAD
LGW,LCA
TLV,DNK
SVO,HKG
OSL,PRG
VIE,TLV
KRT,SAH
ENE,LBJ
ANC,SEA
TLS,FCO
GDN,SVG
AMS,SIN
UIB,BOG
FLN,GIG
LGW,FUE
AKN,ANC
YBL,YQQ
BIO,STR
AMS,VLC
ICN,IAH
PVG,TPE
RAK,BRU
LGW,HRG
SEA,MCO
ORY,TFN
YDF,YHZ
FRU,SVO
ARN,CTA
BLR,PNQ
SSJ,TRD
SVX,LBD
YYZ,YWG
DXB,TRV
PNH,SIN
AGP,SCQ
SJU,MIA
SJC,GDL
BVC,SID
EMA,DUB
STN,ATH
KEM,HEL
GET,PER
TXL,LHR
LGK,SIN
YXN,YRT
VIE,TLV
GOP,DEL
IBZ,MAD
URC,WUH
GTE,CNS
FCO,LGW
HMI,KRL
NGB,CSX
CTS,ICN
RHO,LEJ
NTE,FEZ
DEN,LGA
WVB,JNB
KWL,FOC
MSY,BNA
ZRH,HAM
GUA,SJO
BVC,RAI
VVO,PUS
DCA,ORF
LGA,CVG
BVA,GDN
BOG,UIO
HND,HNL
LGW,RIX
PVG,CKG
JFK,VIE
PEK,SEA
VIN,TLV
KTT,HEL
AKL,PPT
MIA,ATL
ISG,TPE
ALC,MAD
ATL,MCI
FLW,PDL
TUO,WLG
YEG,DFW
PHL,SLC
MAD,PMI
FSM,DFW
GVA,NCE
ANC,DEN
ATL,GDL
IST,ISE
BAZ,MAO
CGO,TPE
MLB,CLT
VCP,SDU
MJT,SKG
AYT,BRS
BMI,ORD
TDX,BKK
DEL,CCU
RCM,JCK
ABJ,LOS
DME,OMS
VCE,PRG
OOL,NRT
CTU,NGB
PVG,TPE
SKT,ISB
AGX,COK
RUH,FRA
DME,OSS
RIX,OSL
MSP,SBN
KRS,GDN
CGQ,HFE
YQZ,YWL
NCL,BCN
ZAD,WAW
PVG,MFM
KZN,TAS
SIN,SWA
ZRH,GVA
PLS,CAP
ATL,AUS
SKG,SXF
PEK,AOG
TBZ,MHD
VLC,LIS
MAB,BEL
LGW,RAK
DCA,PNS
FKS,CTS
BZV,COO
YWK,YZV
CLE,LGA
CMN,SAW
SHA,ZUH
ETH,TLV
BCN,AMM
AMS,MAD
NKG,SYX
TYS,EWR
HND,SHM
ICN,ROR
SHE,HGH
OTZ,ORV
PHX,HOU
BHX,CDG
CEI,BKK
HGH,CTU
AMS,DMM
XIY,DSN
ELQ,DXB
IGR,SLA
MUC,PRN
HKT,SIN
PLS,DFW
TAO,YCU
BOM,NBO
RHO,BGY
FAO,GLA
MNL,TPE
DCA,AUS
LCA,ODS
PMI,DSA
DPS,BDO
AMS,DFW
KWL,CKG
CUN,ATL
MNL,LAO
ELS,PLZ
MPL,NTE
DLU,CTU
ISB,MED
LHR,DEL
STL,LGA
SFO,LAX
DUS,VCE
VCE,REG
XIY,WUH
WUX,SHE
BUR,SLC
VAW,KKN
CCU,KUL
SHE,TPE
MUC,TFS
LIH,OAK
LPA,MAD
DME,TXL
MOL,KSU
IND,JFK
LPL,BCN
AGA,MRS
PBD,BOM
SGN,PQC
ATC,NAS
MAD,HEL
MAD,SPC
DLY,VLI
SOU,NTE
MEL,CHC
RIC,BOS
NAO,SZX
KUF,TAS
KIJ,ITM
MAD,LAX
VFA,BUQ
STN,OVD
MCO,YQM
KKJ,HND
CPH,SFJ
TPE,REP
SFB,BMI
YYC,YQR
AUH,IAD
ALB,MSS
FLL,ATL
TRN,STN
TXL,DME
HND,ISG
TFS,BGY
CDG,BOS
ORD,MKE
KHN,NAY
DFW,EWR
BKK,KUL
NKG,FOC
ACC,ADD
SCL,CPO
RVT,PER
AMM,BOM
HKG,FRA
PHX,HMO
LHR,LAS
ATL,HPN
DUB,CPH
LGA,ATL
NSI,DLA
PEK,ORD
JMU,PVG
HNL,ICN
PRN,MUC
MMB,CTS
ROB,FNA
WUA,XIY
MLA,PRG
AUS,ATL
CZL,GHA
KSH,THR
BJL,LPA
SHA,HKG
ORD,LAS
UIO,HAV
AER,KRR
FAI,GAL
EBB,IST
HFE,TAO
LGA,ORD
PVR,TLC
BJV,ORY
CDG,ABJ
CAG,FKB
AMS,MAN
AMS,YUL
YBC,YWK
ASU,AGT
CIK,FAI
FRA,HEL
DEN,CVG
STR,STN
NCL,BHX
MAN,LHR
DEL,KWI
NAP,TXL
DEL,IXR
CMI,ORD
SPU,DBV
HBA,MEL
LBD,URC
DIE,NOS
EVN,IKA
CUN,YUL
FUK,ICN
DFW,MOB
CPH,MAN
LUX,MXP
ADD,KWI
AJA,ORY
YYZ,YYT
MSY,EYW
FRA,YUL
VKO,AYT
SGF,ATL
YYZ,CCC
DEN,MSY
NRT,ICN
KUL,SIN
PVG,YVR
SXB,MPL
SLM,BCN
MXP,MUC
VIE,CDG
CCJ,AUH
LAX,FCO
SUB,UPG
AYT,CGN
BUD,KRR
HEK,HRB
ORK,ACE
YYZ,ATL
MSP,AMS
WLG,SYD
ATL,CHS
POM,NRT
BOM,IXC
VCE,PNL
PUF,MRS
BUD,SVO
PHX,IND
CTS,HKD
FRA,OVB
CTU,HKG
LIS,PXO
IST,PRN
CMN,AUH
THR,AWZ
WNZ,XIY
WUH,XMN
MED,ELQ
SEA,DFW
KMG,XIY
PBI,EWR
SYD,AUH
PEK,WUH
SZX,SJW
SDF,MDW
DBV,VIE
TRW,INU
CGO,RMQ
BNE,SYD
HAK,HGH
VLC,MRS
IPH,SIN
AOK,ATH
YMM,YYC
JED,BOM
ERC,IST
CKG,XIY
EWR,YQM
MKE,DFW
ATH,SPU
BWI,CVG
HKT,BKK
GYE,LIM
FOC,PEK
JMK,LHR
TAO,ICN
JFK,SAL
DEN,TPA
BRI,BCN
BMI,ATL
KMI,FUK
RAK,BRU
TSA,TSN
OSL,TOS
MPM,INH
LIS,FRA
ZRH,CGN
DMK,NNT
SHE,TNA
TJM,SLY
WMI,EIN
ABJ,OUA
ABZ,LBA
JDO,GRU
PTY,SJO
HRB,TSN
KHV,DYR
DCA,ALB
AKL,OOL
LUK,CLT
DND,STN
LPB,SRE
SYX,XMN
BRS,ALC
MRS,BOD
CRL,BEG
TUS,ATL
WUH,SZX
WNZ,PEK
CNX,SIN
KMG,DAX
AJA,NTE
OSR,STN
TLV,EWR
YXL,ZPB
MIA,MEM
JED,CDG
XMN,ZUH
UIO,ETR
WAW,FRA
CRL,AOI
MJV,BOH
NCE,VIE
MUC,SPU
BOG,MEX
SSH,LGW
HAK,CAN
NBO,LVI
LBA,NCE
BEW,POL
MLB,ATL
TRN,BRU
ERS,NDU
MEL,SIN
ORD,SGF
DME,UUA
GRU,MUC
CJU,XMN
MEL,SIN
XMN,KUL
AMS,ARN
JHS,JEG
LAX,ABQ
NUX,TJM
KIX,GMP
TFS,DUB
STN,LPA
ELP,ORD
TIJ,PBC
BDL,ATL
ROS,AEP
CDG,FCO
HER,MRS
BRU,CMN
DFW,BNE
CAI,DAR
OME,WAA
EXT,RNS
AMS,PRG
WTK,KVL
CLT,DAY
ZRH,BOS
SLU,FDF
NGO,NRT
OMA,CLT
VCP,BSB
KLO,ICN
GCM,IAH
CLT,PGV
CPH,ADB
CAN,HRB
DEL,TAS
TYN,BAV
GJT,DFW
FAO,CGN
PEK,FOC
ORY,LPA
ADD,SSG
IAD,SJU
CGK,BKS
SHA,TSN
OMH,MED
NTE,LYS
MDC,SUB
ATL,MIA
BCN,CMN
RIC,DTW
MNL,PVG
BCN,HAM
WUH,XNN
NNG,XMN
AMS,KGS
SWA,KWE
LHE,MED
MRV,SVX
LGA,MSY
BDO,PKU
ZAG,FRA
BNE,AKL
MOV,BNE
JFK,GND
STR,SJJ
SAT,TPA
RSW,DCA
LIT,BWI
MSY,ORD
ACC,ABJ
RAK,NTE
LPA,TFS
LUX,MAD
ORF,ORD
URC,KRL
EDI,MLA
MIA,MSY
KBR,BKI
DME,OSS
SJU,CPX
TNA,HET
YOW,YYT
TFN,AGP
PKN,SOC
SVO,HAJ
PMI,BRU
MAH,PMI
MCI,PDX
HKT,CTU
LIN,REG
KWI,CGP
NGO,SIN
KMG,CCU
ZLO,TIJ
BCN,LGW
SFO,GDL
KRR,TAS
HAM,BRU
HAN,BKK
BNN,OSL
ALA,PPK
MAD,BOS
LAS,LHR
KIX,BKK
NCL,FCO
YBL,YQQ
NNG,FOC
DUS,CTA
YEV,YSY
KOS,REP
IST,ECN
CGO,CGQ
LAD,SPP
GOI,MAA
KHH,KMG
KGS,AMS
CNX,RGN
LED,VIE
ABJ,OUA
NYO,BEG
MEX,ZLO
TPA,PHX
AMM,TLV
XMN,ZUH
HPN,PHL
DXB,JED
MIA,FCO
SOU,AGP
SYZ,KER
LNB,VLI
FRA,FNC
ORN,ORY
ATL,PNS
HAV,NAS
VIE,MAD
TRV,MAA
ALC,LGW
RGI,PPT
JED,ADE
YYZ,SXM
OLB,VIE
DUS,GVA
BKO,ABJ
COK,MLE
YUL,IAD
PVG,SYX
LOS,DLA
BOS,DFW
SJW,KWL
LYG,CTU
IST,NAP
HKG,HAK
BVA,RYG
AMS,VXO
DEL,VIE
MNL,CGK
BSB,JPA
WUH,LHW
OSL,AAL
STN,PIS
FUE,DUB
MDE,LIM
UNG,POM
XUZ,DLC
CAI,LCA
DUS,AMS
UDI,BSB
PVG,KMG
TAO,HRB
JNB,MGH
DRW,GOV
PZU,KRT
PMO,BRI
GDL,CEN
STR,DRS
MAD,LEI
DAT,CIH
MCG,NIB
URC,YIN
VIE,LHR
SUB,BDO
CVG,JFK
YUL,FDF
CUN,TRC
PDL,AMS
PUS,HGH
OKA,NRT
HBE,TIP
SLU,SVD
BKK,PUS
BDH,DXB
NTX,BTH
CPH,BRS
FRA,BCN
OSL,AMS
KWL,BKK
REL,AEP
ORY,CFR
TNA,LHW
DUS,MAD
ISP,PBI
LCY,RTM
FLL,SJU
FUK,ICN
SVQ,ORY
SXF,BUD
CMN,JED
FUK,KIX
ISG,OKA
NAN,HIR
RDU,TTN
PIE,LCK
LJG,JHG
BYC,TJA
JOI,POA
MUC,LPA
KIH,DXB
MEX,CUU
HAN,HND
STL,IAH
PHL,AUA
CPH,TRF
SHE,JMU
KWL,LJG
WAW,PRG
ITM,NGS
RIC,MCO
SKG,BGY
AUA,BWI
HOU,MCO
PHL,MYR
BLQ,LYS
HRB,HGH
MGZ,TVY
MFM,KHH
FAO,EMA
TNA,HRB
SEA,MIA
ICN,ALA
CPH,SIN
ATL,PHX
POA,CGH
MAN,KEF
MKE,LGA
HKT,KUL
LPL,POZ
PVG,CKG
ICN,ATL
IND,LAX
GRU,ROS
THR,PFQ
FAO,BRS
MMX,BMA
SHE,PEK
BKK,KMG
LCY,ANR
MXP,BUD
VIE,AGP
LIL,FUE
CNJ,ISA
CXB,DAC
CPH,IST
HEL,PVG
MIA,GSO
YMO,YFA
AAR,AAL
KIX,KUL
EEK,BET
NRT,SGN
STN,TFS
VIE,AMM
TBB,HAN
BLR,CMB
SWA,CTU
GDL,CUL
LAX,ZLO
SLC,SAN
LEX,CLT
APL,NBO
KHV,BQS
KBP,MUC
SCW,SVO
TUP,GLH
REC,CNF
GRR,DTW
FRA,GRU
CEB,HKG
CLE,DTW
TPE,NGO
PGF,CRL
RYG,KRK
SHA,PEK
RSW,TTN
PMO,MXP
CMH,ORD
FRA,SPU
STN,OSI
BHD,ABZ
BSL,BCN
BLR,IDR
YYC,LAS
DEL,BLR
PRG,VNO
BNE,SIN
GRU,MAD
LAX,MEL
HKG,ICN
URC,KWE
AGP,LGW
CPH,YYZ
GAU,DIB
SSA,CGH
SZB,KBR
AMS,RIX
HKG,USM
IAH,ATL
PEK,JXA
SVO,AYT
TXL,ZAG
DME,DOK
ZRH,VLC
HNL,SFO
KRR,TLV
CGN,FUE
NNG,FOC
MED,ISB
FCO,EZE
ATL,MSP
NRT,SHE
CDG,HEL
CGQ,TNA
CTU,WUH
BIO,BRU
SIN,BNE
BDO,SUB
PVG,KIX
MCO,ATL
PVR,LAX
CGN,TFS
SGN,VII
RHO,ATH
BOM,DXB
GRZ,PMI
COK,MAA
AUH,BSR
TAO,CGQ
TIV,LED
LDH,PQQ
KHH,PUS
ORF,IAD
HGH,CSX
MNL,TPE
DFW,COU
JFK,AUS
LGA,GSP
ANU,SKB
DUB,CIY
ATH,BEG
TPE,CTS
PVK,MUC
KHI,YYZ
JED,LHE
HOU,BNA
AEP,EQS
IFN,THR
AMS,FAO
BOS,ISP
AUH,DEL
AEP,ROS
FRA,ARN
IST,MAD
KHH,FOC
SAF,LAX
MEX,SJD
MCI,MCO
BOB,HUH
GOT,AAR
FRA,DXB
CEB,DVO
HGH,FUG
LOD,LNE
OKC,DFW
BVA,CAG
VCP,FLN
GYS,SZX
YWG,YQR
BRU,JFK
TNA,WUH
YCB,YZF
ALG,CAI
EWR,SAP
LOP,UPG
CGO,URC
SKX,LED
MAH,BRU
MAD,TLV
ZUH,PVG
GAL,RBY
TLS,ALG
BOD,ORY
XIC,CKG
KUF,SVX
JED,CMN
IST,KSH
BFS,REU
YNT,SHA
AMS,LCY
CNS,NRT
VLN,PMV
ICN,KWL
BAQ,ADZ
AUH,PEK
GIG,DFW
LFT,ATL
PEK,DTW
AMS,ZRH
LED,REN
ACE,ORK
SDQ,ATL
ATH,LXS
TJM,URJ
SNN,EDI
JFK,STI
LGW,INV
CGO,NNG
CUN,MTY
YYZ,LGA
VTE,ODY
LGW,BUD
AMQ,NBX
OSS,IKT
HBE,IST
SZX,KWE
AYT,BSL
TLL,LGW
SUB,HKG
DUD,WLG
SIN,LGK
LRH,EMA
HAN,UIH
IBZ,BGY
KSU,ABZ
ERS,MPA
BLQ,TSR
LKO,DEL
MAD,SOF
MCI,PHL
PUS,SHE
DAL,MSY
PUQ,BBA
HAV,CDG
DED,DEL
SVO,SGC
FCO,SVO
NAS,JFK
JEG,JAV
UUS,SVO
PKU,JOG
GRU,LIM
BDA,LGW
BLL,LCY
BLA,MIA
RAK,CMN
STL,DAL
OKL,DJJ
MCO,PHL
RSW,EYW
SJU,FRA
KJA,LBD
DOK,DME
ORD,CVG
IST,ROV
TBS,EBL
BLQ,AMS
GRU,FLN
YZF,YVQ
JED,BWN
TXN,XMN
JED,MUX
PVG,KHH
SBY,CLT
KGL,LBV
PLU,IPN
CPH,VCE
AJA,AVN
MFM,NGB
ZUH,PVG
MAD,EDI
FMM,CLY
LED,KGD
IAD,MSP
RIX,BUD
DME,DYU
ADD,LOS
JFK,LIM
TLV,NCE
HFE,TYN
SYX,YBP
SAP,GUA
DEN,PSP
LLW,LUN
LGW,ACE
JNB,MQP
CLT,PBI
ACE,NCL
HEL,LGW
IST,WAW
GLA,TFS
CPH,SXF
NCE,BOD
JER,DSA
LIM,CLO
ISB,DMM
IST,MLX
LAX,YEG
YZF,YVQ
HHN,TFS
FKQ,MKW
GSP,IAH
YYZ,YQR
NNG,SHA
YOW,EWR
BOM,VTZ
KUL,PUS
ORD,CWA
NCE,DUB
CUN,MKE
BSL,HAM
MXP,BRS
DEN,CLE
SZG,LGW
VKO,SEZ
BAH,LHR
OAK,PHX
HPN,ATL
FKB,BRI
CVU,FLW
BSB,MAB
ABZ,OSL
BCN,LED
YYT,YYR
ATQ,SXR
ASU,AEP
TXL,CTA
BRE,FNC
ATL,ORD
SZB,AOR
LHR,JFK
PHL,MAN
PDL,OPO
SDV,ETH
HGH,CTU
AAE,IST
JFK,DEL
CKG,CZX
FLL,AUS
TPA,JFK
BKK,CNX
BET,KUK
NTE,FCO
PIA,ATL
OSL,ARN
BLL,BRU
DFW,SJC
FOC,SHA
HAN,SIN
TLV,LHR
PEK,KHV
PEK,HAN
SAL,FLL
HAM,CTA
GRO,RAK
SSA,AJU
RZR,THR
PLW,UPG
JER,BRS
IAD,GUA
LBA,MAH
TLV,SOF
BCN,IEV
CHS,CLT
LBA,MAH
PEK,XNN
AMS,KUL
CGO,TNA
BWT,LST
NIM,CDG
CMN,BKO
DUS,ARN
MID,VSA
MEL,MQL
MEL,HTI
PVG,CMB
ESB,STR
MEX,LIM
OSL,RRS
DEN,TPA
WAW,ATH
MRS,EIN
AZA,GFK
DPS,SUB
TRV,SHJ
FAI,FYU
KMG,ICN
FRA,PRG
SKB,ANU
HRE,LUN
JFK,BOS
SVQ,GVA
NRN,CAG
CAN,KTM
PFO,EDI
TFS,GLA
DME,CSY
CGO,NNG
CNF,GRU
IOM,LGW
MHD,ABD
DEL,DIB
DCM,AJA
ACH,VIE
YIH,CTU
MCT,RUH
NDR,HHN
SFO,EWR
SFO,SAN
BMI,MSP
DOU,CGR
MSY,ORD
BAH,DXB
SIN,DXB
YOW,YTZ
LPQ,VTE
YYZ,YAM
LHR,ICN
DAC,SIN
SEA,BOS
ATH,IST
DAU,UNG
XBE,YXL
TLS,BRU
CDG,MSQ
MQL,MEL
CAI,ADE
NAN,TVU
AMS,SAW
NGB,RMQ
HKG,MLE
ANC,HOM
HEL,ZRH
ATL,CHS
DLM,VKO
HKG,AKL
HND,ASJ
EWN,CLT
IAO,CEB
CMN,VIL
CGO,LJG
LHR,VIE
STR,KVA
CTU,CAN
FDF,SLU
GAU,IXS
AAL,AGP
BKI,TPE
MAD,CUN
HFE,CKG
RSW,MCO
MAD,SOF
ECN,ESB
BRU,LIS
AGP,SXF
YHZ,YDF
JFK,LHR
URC,SHA
YCO,YZF
AGP,HHN
CFU,MUC
ZUH,HAK
KUL,CDG
MDG,ICN
POZ,BVA
SVG,KRK
BHX,LPA
ICN,PVG
LPA,NCL
MUC,TFS
DLC,TXN
KRR,VKO
PVG,HRB
TLV,BKK
YHI,YEV
HEL,ADB
WUX,CAN
IAD,AUA
DSN,CGO
CDG,NTE
FRA,FDH
MYJ,PVG
PRG,BCN
ADZ,BOG
CKG,XUZ
WRO,BGY
ORD,DUS
RUS,HIR
SVO,OSL
BOH,PMI
MCO,MKE
FOC,KMG
BTH,NTX
SIN,KHH
PEK,CTU
BRI,MXP
DXB,PEK
BPN,UPG
CAK,TPA
BRU,LGW
ORY,BSK
BVA,GSE
HAD,JKG
LCY,DUB
BMA,AAR
MCO,HPN
AJU,SSA
TFN,BIO
SZX,BKI
LCY,AGP
CTU,CGO
VIE,ACE
DLC,TSN
BUD,MXP
FOC,ZUH
TIP,LHR
CGB,CGH
ZUH,KOW
PEK,WUX
TNA,KHN
DUS,MIA
CNF,IZA
CAI,CMN
MAD,TFS
BKK,HKT
MCO,DEN
ACA,MEX
LHR,HAJ
MSN,EWR
BHS,SYD
GYD,ESB
PTP,DOM
LGW,PFO
IAH,LCH
ALC,EMA
BLL,CCF
ATL,RSW
VKO,NUX
BDA,MIA
MSQ,DME
VIE,KLX
MAD,LEI
ZSA,NAS
ACC,ROB
CEB,DPL
VIE,ZRH
SEA,MCO
HOU,LAS
NBO,BRU
LIS,KBP
KRK,AMS
SJJ,STR
ORD,RIC
NRT,HNL
TAO,XMN
STR,CDG
KRT,ELF
PKU,JOG
HAJ,ZRH
CGO,FOC
BEU,BQL
LAX,FAT
INU,TRW
RYG,ALC
ALA,URC
KTN,MTM
ICN,LAX
SZX,SYX
CKG,CGO
LGW,TRD
SIN,NRT
BOB,RFP
EJH,JED
FOR,GIG
OME,TLA
AUS,ATL
LAX,STL
PHL,NAS
DFW,CAE
LAS,PDX
MAD,LAX
OTP,BEG
TXL,HEL
MIA,PTY
SFB,GFK
IAD,VIE
PRG,CGN
SYX,DME
SAP,MEX
ACE,LPL
EWR,BTV
BCN,MAD
CAY,ORY
IBZ,EIN
BNA,SAN
RUH,ELQ
MAD,GVA
YSK,YUD
SHA,WNZ
TSN,UYN
LTN,MAH
PKC,KHV
LOS,AMM
TSF,BVA
XIY,XNN
ALA,KOV
DKR,TFN
SXF,PSA
OSL,RIX
GEA,KNQ
COO,DKR
ADB,ZRH
BRI,GOA
PEE,DWC
MUC,BLQ
ORD,ABQ
SIN,HKT
OSL,BKK
LHR,MUC
IBZ,BRS
ACE,STN
LST,BWT
LAD,CAB
VRN,PMO
LIG,STN
SCU,FCO
DME,PUJ
GLA,CFN
VIE,KRK
GAU,IXA
HET,ERL
EDI,BHD
HBE,JED
CUN,MCO
NAT,BSB
YYZ,VRA
YYZ,ORD
CGH,SSA
PNH,SIN
DEL,CAN
YNG,MYR
LUN,JNB
LOS,IST
MEX,MIA
LAX,MCO
AKL,SYD
ACE,LGW
PHX,AUS
JFK,ICN
WUH,CTU
DFW,IAD
LEI,STN
CGB,JPR
BWI,MSY
KZN,DME
ATL,ICN
NRT,ITM
DEL,LHR
ORY,RUN
ARN,SPU
INC,PEK
WNZ,CKG
YYZ,VRA
SFO,STL
AJA,NCE
HRK,VIE
XIY,SHA
SJO,LIR
ORD,YXE
HMO,PHX
SLA,AEP
CKG,NKG
FAO,BHX
MSP,MKE
FCO,LGW
SMF,ONT
BOD,GVA
DJJ,MKQ
LPL,SZZ
OSL,RIX
ICN,MDG
DME,FRA
MOD,SFO
KHN,XIY
CUN,JFK
SIN,MEL
YYZ,DFW
PVG,KWE
PRG,WAW
LGA,OMA
EDI,RYG
FIH,BRU
HEL,HAM
BVA,BGY
GOI,BLR
ORD,XNA
CLT,EWN
MYR,DTW
SVO,CMN
BOG,MDE
DPS,UPG
MAN,PHL
EBL,AMM
GRU,SLZ
PVG,TSA
PMI,NCL
SDF,JFK
ACE,LGW
MPL,LTN
CGK,AUH
DMM,DEL
DFW,ATL
PHX,ELP
BEG,SPU
FUE,EDI
MLI,PIE
MAD,PEK
BRU,AGP
AMS,BOM
NGB,PEK
PMI,BRU
VTE,CAN
RBA,MRS
DEN,ABQ
DEN,CUN
AMM,ORD
CPH,DXB
KIX,HKD
MUC,CAG
ARN,DUB
AKL,NRT
VCP,CNF
OAK,PDX
GRO,EMA
PHL,JAX
ALG,BLJ
MFE,MEX
BFS,PMI
CGO,LHW
AHO,AOI
DEN,CAK
CTU,HFE
PVR,MTY
CGN,VRN
AXR,KKR
SGN,VCL
OSL,LHR
CAE,LGA
KUL,CCU
BOM,SAH
SCO,KRR
DAL,ATL
NRT,DXB
EZE,GIG
JIU,XMN
CID,DEN
ASF,SAW
GOV,DRW
LGA,SDF
LGA,DFW
AYT,GLA
BOG,FLA
BXU,CEB
YYZ,HOG
RHO,ATH
BHX,ACE
KMG,JHG
TLV,SXF
ORB,MMX
EMA,RHO
CLT,HTS
MHD,BEY
YQR,YYZ
TAE,CJU
MAA,CJB
SYX,XMN
LLI,ADD
LIS,ORY
EIN,KRK
OLB,GOA
EBB,KGL
SVQ,LYS
OTP,BAY
KNX,DRW
FCO,IST
MIG,SHA
MDW,MHT
MHD,TBZ
DEL,GAU
JNB,ZNZ
TAS,ALA
BAV,PEK
YYG,YYZ
BRU,TNG
LHR,BAH
POS,UVF
IST,PEK
HKG,TYN
CDB,KVC
AMS,FCO
FLL,DEN
VPS,ATL
KUL,ICN
ECP,ATL
SEA,FRA
NRT,DPS
GLA,BJV
AEP,MDZ
LIL,SPU
YIW,CTU
VLC,TFN
GLV,WMO
HRG,LEJ
SWJ,VLI
CTA,TXL
JNB,PER
PRA,AEP
IAD,DKR
CNX,WUH
OKA,KIX
MXP,EDI
SID,CGN
CAI,SSH
NRN,IBZ
SFJ,GOH
BHX,ACE
JNB,CPT
ABJ,DKR
YVR,YWL
WUX,CAN
NAO,CAN
MCO,JAN
BJV,SAW
TRS,AHO
DAU,LAE
KRK,MUC
XIY,GOQ
VLI,NAN
BOJ,SVO
AGP,CIA
DNH,XIY
ERS,OND
MSP,PIT
TSN,HET
CTA,STR
DUB,PMI
AVL,CLT
SIN,DPS
CTA,ARN
ATL,MUC
CGQ,CAN
NRT,MFM
DSM,PHX
CLO,PTY
LCA,CAI
NUE,PMI
NRT,SIN
ATH,KIT
SSA,SDU
LED,TAS
BTH,CGK
BKK,PNH
WBM,POM
SJU,DOM
CUN,EWR
PRG,MXP
FLL,ATL
CDG,ABZ
YCS,YRT
SVG,TOS
PMO,MUC
KHN,KMG
BOS,PUJ
DUS,KTW
ICN,HKG
TSV,WIN
TFS,BSL
ODS,KBP
DUR,JNB
LZH,CSX
TUB,RVV
BGM,DTW
DEL,IXL
LOS,LHR
HNL,SDJ
PVG,ZUH
TUN,TOB
OVD,CDG
HAK,CTU
LEJ,DME
TSF,EMA
BNA,LGA
YRT,YYQ
HKG,KIX
PHX,ATL
KHI,BKK
CGM,CEB
BCN,MIA
JRO,MBA
ORD,ATL
ATL,MSY
KJA,FRU
SFO,ATL
BNE,SON
WAW,GLA
MEL,DRW
RUH,RAH
NTE,OPO
PHL,ERI
IST,ORD
BDP,KTM
BGO,BCN
IDR,DEL
KWI,ATZ
SFO,HNL
TSN,HET
FRA,VIE
DFW,SAT
BWI,ABQ
UCT,USK
KIN,LGW
PUS,NGO
BGY,STN
LGW,LAS
CCS,MAD
CCU,DEL
ADL,CNS
SAW,VIE
ZRH,ATH
ORD,RDU
RLK,HET
NRN,RAK
CTS,MMB
DUB,ACE
HAM,IST
CDG,TLS
CGO,SHE
PHX,BFL
HAM,NUE
HGH,CAN
KUL,FRA
LIR,LAX
CMN,BRU
HNL,ICN
MYR,CLT
COO,OUA
COO,BKO
LAS,GDL
ALG,CDG
CTU,TAO
CGO,DLC
PHX,BUR
SFO,AUS
DCA,FAY
BKK,CNX
LPA,LTN
DUS,CTA
TYR,DFW
FRA,CMN
SXF,FCO
ATH,VCE
LJG,XIY
SAT,LAS
CZX,CAN
OMS,DWC
FAO,HAJ
RIX,SVO
MLI,ATL
JFK,BUF
PHL,JFK
SZX,DYG
PRG,MAD
TBS,AMS
YWG,YTH
MAN,TFS
CLT,BNA
BKO,CKY
SIN,SYD
CDG,LUX
ORD,IND
ORH,FLL
TPE,HAN
SKG,MUC
PKU,BDO
HAJ,LHR
MOB,IAH
BKI,SIN
ACE,MAD
DUS,SKG
BHX,CGN
YWG,YQK
TAO,RMQ
FCO,MXP
MLE,CMB
GYS,CAN
TXL,KGS
BMW,AZR
CKY,DKR
JFK,MAN
POS,SLU
JFK,AUA
IAD,SAL
LGA,ROC
LAX,TPE
GRU,IPN
DLC,CKG
TER,OPO
XMN,YIH
HKG,SHA
XRY,MUC
BEY,AUH
ANC,MCG
SIN,MDC
AMS,PEK
ADD,JED
YKS,MJZ
AGP,AAR
CTA,NAP
SFO,KOA
SHA,MFM
FLL,SXM
RUH,CCJ
SVX,NMA
ATL,FCO
ORD,PEK
HYN,WUH
RGN,TVY
XMN,PEK
TLA,KTS
VRN,PMO
BRS,DLM
JFK,PHX
LIM,MVD
KMG,SIN
MKP,PPT
BET,ANC
GVA,PEK
DTW,LHR
TFN,MAD
PFO,KRK
AMS,INV
BOM,AUH
YYZ,YQB
ISB,URC
URC,TYN
SXM,EIS
KUL,DMK
KIX,NGS
ORD,TVC
MKM,KCH
ZAZ,OTP
CDG,LXR
REC,GRU
EBL,ESB
PRG,VCE
MIA,SAN
KRK,SVG
OPO,DTM
LXR,RUH
VDS,VAW
SJU,DFW
LNZ,HER
ALC,KEF
CAG,FLR
GLT,BNE
DPS,SZX
GOI,BLR
NBO,TNR
MDC,SIN
MSY,YYZ
MDG,PEK
DZA,HAH
BCN,MIA
DOM,BGI
HMB,CAI
LGA,STL
SIN,PEN
LAD,LUO
FOR,THE
ATL,MAD
HKG,SIN
CAI,BAH
MRU,TNR
PVR,DFW
GLA,BFS
NAP,ORY
NTE,LYS
LBL,DDC
TRC,MEX
LAS,LGW
AGP,FMM
MAN,MAH
LEJ,ZRH
BKK,MNL
KIJ,FUK
LYS,LIS
TER,FLW
WNZ,HKG
TLV,PEK
CMN,BEY
OPS,BSB
EGC,BRS
IST,GZT
OAK,PDX
PHL,BRU
CDG,ATH
CLT,FRA
YZF,YHK
CAN,BKK
PMI,ORY
SZG,FRA
BEG,BUD
CNF,GYN
LZO,CSX
AKN,PIP
WMO,OME
FUK,HND
MNL,SGN
SIN,CJB
STL,ATL
CSX,HGH
WUH,INC
NCL,LHR
DIY,IST
HAM,FDH
ATL,RIC
SYX,ZYI
AMM,DXB
SNN,LGW
HAV,YYZ
BVA,SNN
PHX,MEX
SPP,LAD
CDG,GOT
SGN,VCS
PUJ,BOS
CTS,TOY
MCT,AUH
YVR,DEN
JFK,STT
SDR,DUB
ATL,MIA
KBP,LED
PVG,AKL
WNZ,SHE
BWI,ATL
TNA,URC
CJS,MTY
AKL,PMR
SNA,LAS
AMD,BOM
SLC,CUN
DCA,DSM
LPB,VVI
BEG,DTM
NJC,DME
SKG,PFO
MCI,MSY
DEL,IST
DCA,MSY
LNK,DEN
URC,DNH
ORF,ATL
CSX,KMG
TUL,SLC
JFK,KIN
SEA,EUG
SIN,VTZ
CSX,XIY
PEK,DSN
CDG,EDI
LAX,SFO
SFO,LAS
LAX,DXB
EZE,BSB
DAD,CTU
LGW,PEK
HHN,SDR
ADD,BOM
JFK,FRA
ATL,BMI
CRL,BGY
PVG,SFO
CRW,ATL
SAN,DFW
NBO,LHR
LGW,GVA
PXU,HAN
MAD,CPH
JMK,LGW
LUK,MMU
CZX,CAN
FCO,SKG
DPS,SIN
KGS,ATH
DEN,LAX
BCD,MNL
TNJ,CGK
XMN,JDZ
SCL,LIM
KWE,WUH
JFK,DUB
IAD,SXM
JNG,DLC
IAH,PHX
AMS,FLR
DXB,ICN
DUR,HLA
CCC,YHZ
CAN,DAD
AGP,LYS
SCL,MAD
LGW,MRU
CAK,DTW
AUS,DTW
KMG,CAN
DXB,LOS
CXI,HNL
LBA,HER
RIX,ATH
PDX,EUG
MNL,MFM
AMM,SAH
KUF,SVO
ATL,BQK
PLU,VDC
ATL,SAT
ALG,INZ
OME,WMO
MAD,SVO
NTE,SVQ
VKO,RIX
SHE,YNZ
BZN,AZA
SAT,CLT
NRT,NGO
BGA,BOG
BVG,BJF
CCU,BKK
SZX,MIG
HGH,PEK
NGS,ITM
AJA,DCM
BAH,COK
SMF,LAX
EZE,GRU
HRB,TAO
LYI,HGH
JFK,TPA
PEK,XMN
MNL,PEK
HGH,YNT
ATL,MSY
FAR,DFW
MCZ,VCP
BTS,STN
VTE,BKK
LPL,FAO
FSC,NCE
JOG,PKU
DCA,SRQ
KWN,BET
SIN,DPS
HKG,HND
SAT,MTY
GLA,TFS
SKG,CIA
PUY,HHN
TSN,XMN
DAC,DEL
CDG,COO
LHW,URC
BFS,DBV
LGW,MRU
LED,SKD
DEN,SMF
KRN,ARN
AVP,SFB
ARN,BGO
KEF,LHR
DFW,DTW
DXB,PEK
WNZ,KMG
LJG,XIY
BSK,ORY
DXB,IKA
LED,MSQ
YUL,DEN
CAG,MXP
SDU,VIX
LGW,MUC
MEX,DFW
FRA,DRS
HKG,SIN
NVK,BOO
KMI,OKA
BRU,CPH
CGK,TJQ
USU,MNL
HGH,SZX
ATL,ORD
FLL,ELH
CAN,WUH
RIX,GOT
HEL,JYV
ORD,YUL
STR,BRI
SHE,NKG
PER,ZNE
YUL,FRA
LYR,OSL
WNZ,WUH
MCT,DEL
NRT,NGO
OLB,ZRH
CTS,HIJ
OTP,WAW
MRS,VLC
CUN,MSP
VIE,SJJ
DTW,PVG
LJG,CKG
MSP,ATY
PIR,ATY
KUT,DOK
DFW,BRO
BTH,PLM
CNF,GRU
BHX,ALC
VAR,SVO
LIS,MRS
ATL,ECP
AMS,FRA
MHK,DFW
WUH,KMG
MEX,PDS
MTY,ATL
STN,ADB
KER,ZAH
JNB,SIN
NSK,KUF
SSH,LGW
BOM,ATQ
BSL,IST
AYT,CGN
YYE,YDQ
PMI,BSL
DEL,KTM
JFK,MUC
ANU,BGI
NGB,SWA
HRB,TPE
LHR,ATL
BOM,VTZ
MEX,LAX
MUC,ARN
CTU,KWE
AUH,KTM
EMA,DLM
MNL,SGN
GLA,DUB
BOD,LIS
LHR,YUL
TFS,VIE
SAN,BOS
YZS,YUT
HND,HNL
DEN,MCO
MRS,FCO
LTN,VNO
ZYL,DAC
ATH,SXF
HAJ,BCN
MAA,GOI
MUC,YUL
RTM,HER
MUC,AGP
MCT,KHS
IND,IAD
RTM,BCN
IKT,KJA
JED,KWI
NAY,XMN
IST,JED
TYN,PVG
OVB,LBD
HEL,BKK
CGN,FAO
PUU,LQM
ORN,MAD
RIC,LGA
CAI,TUU
IBZ,LBA
MSP,MCO
BOM,CJB
GVA,TLS
DFW,YEG
LAX,JFK
BET,ANC
OGX,IAM
UIB,CLO
NTE,MRS
FRA,BRU
TPA,LGW
RSW,ORD
OOL,SIN
FAT,LAX
HEK,HRB
BKK,CCU
DPS,MEL
DFW,IAH
MDT,SFB
ABE,ORD
TIA,GOA
TAO,HFE
WUH,CTU
CXR,SGN
RHO,MUC
PNS,ORD
KHI,KUL
ALF,TOS
CDG,ATH
ATH,LHR
ECN,IST
BRA,SSA
HRG,DUS
LBD,LED
BRS,FUE
LIN,CTA
KWL,PVG
GAU,IMF
LIS,LHR
OPO,MAD
REP,PVG
BLQ,LYS
YFB,YUX
SFO,PHL
CMB,RUH
SYX,SZX
HAM,LIS
ATL,MLU
DTM,OPO
BOM,DEL
EDI,FRA
BRU,ORD
PVD,SLC
TLJ,MCG
KBP,FRA
MDW,DTW
DFW,JFK
VIE,TFS
MCO,MIA
ORY,EWR
ORD,LGA
RMQ,KIX
MVD,MIA
LAS,JFK
MEL,CNS
TSN,TYN
SZB,AOR
DMK,KMG
IAD,HSV
FOR,VCP
NUE,STN
CAY,ORY
ABJ,OUA
FRA,CFU
SKP,FMM
MGQ,BBO
FLL,YYZ
BCN,EAS
CUN,LGW
OVB,URC
VOL,AMS
BEY,SHJ
SZX,TAO
CHA,CLT
HAJ,DLM
LET,BOG
HKG,NRT
SIN,NGO
REP,PUS
MAH,BHX
DEL,BLR
BKK,NGO
TBB,SGN
OSS,KJA
ADD,DLA
OSL,ARN
MEM,MIA
AMM,ATH
KJA,IKT
ORD,EVV
FLL,SEA
HGH,HAK
RIX,CDG
BHY,PVG
PUS,PEK
CAN,CTU
SEA,DEN
MYR,LBE
DXB,PER
MAN,MXP
KEF,MAN
LCA,MAN
PRN,GVA
ROB,BRU
PEK,HFE
ORY,LPA
LZO,PEK
GZT,ADB
AZD,THR
NKG,SWA
KIN,POS
AWZ,SRY
VLC,TRS
DMM,DWC
DAB,CLT
NRT,DUS
KMG,KHN
ASF,DME
AEP,IGR
YEG,LHR
JFK,AUS
MUA,KGE
GJT,SLC
DMM,IXE
NCL,DUS
YVR,AMS
DXB,WAW
PSR,LIN
SFO,MUC
MLI,ATL
JKG,ARN
GEA,TOU
LGA,JAX
PRG,CDG
CDG,HAM
ORY,OZZ
TMP,ALC
SFO,ORD
ICN,NKG
SVO,MIA
CEB,ICN
NGB,CGQ
SFB,ATW
BWI,DAY
STX,VQS
CGB,ROO
AUA,CCS
ORN,CMN
SJC,LAX
AOK,KSJ
ISG,NGO
ISB,JED
NBO,BKO
PHL,SEA
MSP,BWI
SEA,LGB
DUS,GRZ
VXE,LIS
HAU,OSL
TUU,CAI
LAX,MMH
ZUH,SHA
GRB,ORD
LJU,MUC
TUS,PHX
ORY,FNC
SIN,SZX
NAS,PLS
SVX,OVS
CDG,ATL
KWL,PVG
PVG,NGS
RNO,PHX
BNA,PNS
DUS,FDH
SKG,HER
SXM,SJU
SFO,AUS
TPE,SHE
LIS,TER
VNS,DEL
SHJ,PEW
SJC,LAX
IST,MUC
PEK,SYX
COQ,HLD
AGP,MUC
STM,ITB
CLE,BNA
DFW,MSY
YYZ,EWR
PHX,FLL
SDF,MIA
ALC,AAL
MUC,ATL
CDG,TIV
VCE,LYS
VCE,TLV
FLL,ATL
UET,LHE
AZS,YUL
FLL,TPA
MCI,CLE
MAN,AYT
AUH,FRA
MTY,ATL
YFO,YQD
URC,CKG
AES,BGO
SZX,YBP
FCO,LBA
MSY,IAH
NKG,CGQ
CTU,SHA
TRZ,KUL
BLI,SAN
CDG,FCO
VIE,VKO
TAO,XIY
MXP,ATH
FRA,AMS
KPO,GMP
DFW,PDX
CWB,CGR
PVG,INC
HNL,PEK
YXT,YVR
SRG,BTH
MUC,BKK
YDF,YYZ
BMV,HAN
ATL,SLC
PER,SIN
ZRH,VIE
SIP,DME
FUE,ZQW
YEG,PHX
DEN,BMI
BOG,IAD
HAN,KIX
FNT,MCO
ATL,YYZ
MSY,DAL
MUC,MLA
NBO,DAR
FLL,ATL
MAD,AHO
EWR,OKC
WIL,LKG
MCT,CDG
SFO,MEX
KIJ,NGO
SIN,TGG
VKO,LWO
BNE,SIN
CYO,SCU
JUB,ADD
HAM,VIE
MEH,BVG
CUZ,LIM
OTP,TSR
MAD,LCY
FRA,DYU
LHW,CSX
AMS,LHR
VIE,CPH
NBO,POL
LIM,POA
TXL,PRN
MUC,CGN
AMS,MSP
LCA,VIE
YUL,LAS
VCP,IOS
LIS,SID
ORY,AAE
SUB,DMK
GCI,EXT
ATL,FAY
TGU,RTB
LYS,MPL
CGO,HAK
BLL,KEF
DUS,FAO
MSP,BJI
HET,HGH
IAH,FRA
BIM,FLL
AGP,CWL
CPH,FLL
ALB,FLL
SRE,LPB
HND,MYJ
ALG,YUL
ACC,COO
MDW,MCI
AMS,CWL
IAD,DUB
TAS,GYD
GLA,ACE
MEX,ATL
AUS,TPA
AMS,XMN
LBV,DLA
SUB,DPS
SDQ,GIG
INN,AMS
TFS,CGN
MCT,BOM
HFT,BVG
PVG,ZRH
THR,OMH
NAS,GCM
GOT,CDG
PRG,AYT
IBZ,VLC
SEA,LAX
SVO,KHV
WUH,HRB
LGW,OSL
BCN,ATH
BCN,ARN
CLE,DFW
CAK,DCA
DME,IJK
KIX,HKG
ANU,EWR
MDW,OMA
YUD,YPH
PEK,XMN
RVN,HEL
NGO,PUS
VCE,SUF
CIA,AHO
BDL,MSP
DFW,NRT
DUS,LNZ
HIJ,PVG
YWG,YQT
NCL,AMS
DMU,DIB
IST,CAN
MEX,MLM
LCY,IBZ
MUC,LHR
HAK,NGB
KUL,KBR
SHA,HND
CUN,MEX
ATL,SRQ
VCP,RVD
VRN,CAG
CGN,GDN
TPE,FRA
BLA,PTY
TTN,ATL
BCN,LHR
AMD,BLR
PMI,BFS
BOM,AUH
ALO,ORD
YYZ,AUA
CTU,BAV
MSY,ATL
TCZ,KMG
CCS,MUN
BWI,BOS
YFB,YLC
SHE,LYI
CAW,SDU
HEL,CHQ
LGW,PSA
MDE,MIA
KHH,CGO
LCY,RTM
MEL,MGB
DXB,IST
SHE,DSN
IAS,LTN
YHZ,YOW
TPE,BNE
MIA,TUL
KWE,SHA
PDX,BIL
NIM,OUA
MCO,FLL
GOT,LHR
LGA,BHM
NAS,SML
JHB,KUL
NNG,HGH
PHL,FRA
MNL,NGO
PTG,JNB
HKG,HGH
HIR,VAO
PEW,BAH
LGK,SIN
DAR,HAH
EYW,ATL
SIN,ZRH
BNE,DRW
MYR,PBG
GEL,RIA
YUL,ATL
KBP,OVB
PEK,HGH
NNG,KWE
LAQ,TUN
PEK,HKG
BWN,SUB
BEG,PRG
KRK,CPH
ORY,SOU
LPA,OSL
DXB,SLL
HEL,NRT
MCT,JAI
TYS,ORD
MXP,VIE
CVG,ATL
GVA,BRU
BOS,CUN
SOU,FAO
KWL,TYN
ICN,AOJ
BKK,KBP
SIN,CGK
MGA,SJO
WRO,CIA
CGN,RJK
SAL,SAP
JAX,MDW
AGP,CWL
BNE,NAN
ATL,JAX
DUB,BLQ
BOG,CZU
TDD,SRZ
BWI,MBJ
TFS,LGW
SOF,FCO
MCI,EWR
PHX,PHL
JFK,CMH
MDT,MCO
AEP,VDM
GET,PER
IST,BUD
FCO,ALG
LAX,SAF
ICN,HIJ
OUA,ABJ
BAH,SKT
COS,DFW
ASU,MIA
IMP,BSB
VNX,JNB
ORD,FWA
SJU,VQS
HOU,MSY
DEN,BOI
CHQ,CRL
ORD,PIA
MSP,PHX
BRS,KRK
ALG,LIL
TPA,ATL
LAS,SDF
ACE,LTN
FLL,MCO
LYS,LIG
XIY,HET
ATL,DAL
LHR,SVO
ATL,LAX
AGP,CMN
ORD,GRB
DEN,MCO
BOG,IBE
EMA,MAH
BSB,UDI
SYD,WGA
MDL,MYT
SDQ,GRU
AGP,VKO
DFW,HNL
BKK,CDG
HKD,HND
MAR,PTY
LHW,YCU
FAO,MAN
MAD,LCY
TAS,LHR
IKS,YKS
GIG,RAO
SIN,PER
TSF,PMO
TNA,KIX
MCI,DEN
STN,LIS
BZV,DLA
TAS,MRV
KHI,MED
CPH,VCE
PNR,CDG
XIY,XNN
YEG,YZF
MIA,MEX
CWB,MGF
LBA,IBZ
BME,PHE
FLL,JAX
MSP,CLE
ACE,SCQ
DFW,EZE
DWC,RUH
MEX,TAM
ATL,ORD
SAN,BLI
PDX,DFW
THN,BMA
ATL,HPN
PMC,SCL
CUR,VLN
SJO,GLF
DME,MUC
DTW,DEN
SXF,BCN
EWR,CDG
DRW,DPS
TUN,MRS
MKW,SOQ
TIJ,PVR
SAT,LAS
ADD,LLW
KWL,KMG
HGH,KOW
BKK,JNB
MEX,CZM
RDU,ATL
JFK,SDQ
CLT,GNV
ORD,LAX
NAP,BUD
CHS,MDW
CHQ,HHN
BUR,PHX
LAX,MNL
IRA,RNA
SSA,IOS
CKG,NNG
ATH,LCA
SJU,MCO
AYT,BRS
DEN,DAY
LCA,MAN
LIT,ATL
LAX,YVR
DEN,CZM
LIS,SMA
LAX,SJC
TPE,SIN
SJU,DOM
JMK,VIE
GVA,FRA
DYU,IST
AUS,CUN
XMN,BKK
SIN,JOG
MWZ,DAR
KIH,IFN
KUL,FOC
IKA,NJF
DRG,OTZ
CGK,PER
TFN,GMZ
WUH,ZUH
VTE,KUL
JNB,BOM
NAP,ZRH
URC,XIY
FCO,CPH
MIA,CDG
CDG,LPL
LUX,NAP
CDR,DEN
TSE,UKK
MIA,POS
ADL,SYD
DFW,ZCL
LIN,LHR
PHL,ROC
TAO,HGH
HRB,NKG
PEK,TPE
ICN,SZX
DEN,LAS
SDU,CNF
WUH,JJN
LYS,VIE
RDU,BWI
AUA,JBQ
ITM,ASJ
LAD,LHR
LAU,WIL
MAD,IBZ
NNT,CNX
ARN,VAA
MAN,RYG
POM,DPS
BAH,IST
PIT,CDG
SID,MAN
LTN,CRA
BOG,PUJ
SCL,GRU
CPH,BKK
CXB,DAC
LHE,JED
ITM,KIJ
YFC,YOW
LSC,SCL
GRO,RBA
TYN,INC
AGA,EUN
JIK,ATH
PUS,KUL
CLJ,ZAZ
IPN,GRU
JFK,BDA
WUH,PEK
LIS,GVA
YTY,DLC
AMM,BAH
MNL,XMN
CAN,CTU
OTP,KIV
NRT,DLC
DME,FCO
JFK,CUN
LHR,LED
YVR,EWR
CPH,PLQ
IKT,FRU
VKO,ORY
URC,CKG
RIC,ATL
BNE,BDB
OVB,SVX
TYS,FLL
AKL,WAG
LAX,YYZ
BWI,SLC
SEA,FAT
UME,BMA
DEN,BUR
DTW,DCA
DUB,CIA
CYX,YKS
BOS,MDW
KHN,HAK
KHN,NGB
ATL,SAN
PHC,ABV
NMA,TAS
PUJ,CDG
OGG,LAX
KSO,ATH
ORD,LAS
YEK,YXN
REU,BFS
POS,PBM
NYM,SVX
LAX,STL
BGW,AMM
PUS,TXN
CAN,CGQ
RTM,MAD
LIS,BLQ
XIY,FOC
RHO,HAJ
ORY,PTP
MUX,SHJ
PMO,BGY
SSJ,BNN
PIK,LPA
CDG,TLS
AGS,DCA
WAW,TLV
PDX,EWR
LED,FRA
PHL,LHR
CGD,SZX
ZAG,VIE
DRS,LCY
COO,DKR
SUF,MUC
JAN,DCA
HKT,MEL
IST,ARN
AQP,CUZ
AGP,NYO
FDF,PTP
CAN,GYS
AUH,JNB
HNL,PEK
DXB,ISB
SPU,RTM
AYT,SVO
BGY,CTA
SAV,DFW
CPH,BGO
GYE,AMS
SAT,MEX
IST,TIP
SDU,CAW
BUD,TLV
KWE,LJG
MLA,TPS
JNB,CPT
LIS,SVQ
LJG,JHG
CAK,ATL
CAN,WUH
YYZ,CDG
HRB,TNA
SFO,CUN
FOC,SIN
HYN,ZUH
MCO,HOU
MSP,FWA
YHM,YHZ
MFM,NNG
LIL,HER
SAW,HAM
GDL,LAX
ALB,LAS
KRR,VIE
MEX,ORD
CTU,PVG
NUX,VKO
AYT,LEJ
SLC,RAP
MNL,RXS
SIN,CKG
YVR,SFO
REP,PKZ
TSF,AHO
SJU,ATL
LAX,RDU
MJV,MAD
PMO,ORY
CAN,WUX
SLC,ABQ
MYJ,OKA
DRW,ISA
MAN,FUE
JOG,BTH
DYG,CSX
OSL,AAL
PNS,ATL
AMS,DTW
LAS,SLC
PVG,KWE
MAN,AGA
WEF,CAN
FRA,ACC
DME,KRR
LDB,CWB
HKT,PVG
OMA,CLT
SJJ,BNX
EWR,YUL
MCT,AUH
WUX,WUH
AUH,CMN
LCY,BRN
MIG,SYX
BJR,ADD
RMQ,CAN
MLA,LGW
TXL,BEG
TLS,RAK
DEN,ABQ
BRL,ORD
MAD,PNA
TBS,RIX
BHD,EMA
MIR,NCE
SLZ,GIG
PUJ,NTE
SLC,LAX
RTM,FCO
VCE,GVA
CDG,TLV
MIA,PIT
SUB,CGK
CDG,TUN
LIR,CLT
RBY,FAI
PEK,ISB
LHR,JED
CHC,WLG
CPH,MLA
DUR,CPT
VKO,AYT
OAK,DFW
MBJ,MCO
CSX,LJG
FRA,LAX
AGP,MUC
KBP,TLL
KMG,LJG
SDF,CLE
NYI,ACC
IST,CDG
DAC,BKK
KWE,XMN
DLC,TSN
DLC,XIY
ATL,TYS
FUE,BRS
GSP,FLL
VIE,BCN
PVR,IAH
TAM,MEX
LPA,CGN
INC,HKG
CLT,ATL
BLK,TFS
KWI,DMM
TPA,JAX
DUB,KTW
FCO,BRU
ATL,OKC
SSH,AMM
GRU,LDB
LAS,SCK
ORD,YYZ
RYG,SKG
AMS,SEA
NTE,ADB
AJA,TLS
DFW,HOU
AMS,YUL
KOA,LAX
MUC,BRU
FCO,DEL
GRU,IST
ARN,KLX
ATL,EWR
PEK,YIH
BKK,CNX
KMG,CGD
ATL,RIC
SAN,LIH
SHA,CTU
KHN,HRB
SOU,NCL
YQB,YZV
PEK,TGO
PRN,HAM
BBO,BSA
SAN,OGG
CUN,PHX
FAO,LGW
GOH,JFR
MEL,MNL
AMS,BLL
KUN,STN
PMV,HAV
TPA,ORD
STN,ZAZ
DME,FRU
MTY,SAT
VCE,LYS
TAS,KZN
FAO,EXT
SOF,FRA
ORY,ALC
HNL,YVR
MAD,OVD
PRG,GOJ
YWG,YVR
RAI,MMO
TLV,IAS
DLC,TNA
DBV,HAJ
FRU,URC
OPO,YYZ
DAC,MAA
CVG,BOS
BHM,DCA
ONG,BUC
CUN,CDG
ORD,DUB
ATL,FNT
FCO,GOA
WLG,AKL
IAH,PEK
BOS,MYR
OAK,ARN
MIA,PLS
ITM,OIT
PHL,MAN
SFO,YYC
AHO,MAD
MCO,ALB
ORD,CVG
VIE,FLR
SEA,PDX
HEL,MHQ
MAA,BOM
TNA,KWL
GYE,GPS
CLJ,BVA
BOM,HKG
ATL,FCO
LRR,DXB
BZV,CDG
STN,BIQ
FKS,ITM
GUM,KIX
BLR,PNQ
LAX,PHL
MCT,CCJ
CEK,LBD
FDF,SDQ
DBV,HAM
CMH,DFW
LGW,TFS
KWE,XMN
BRS,CDG
CAN,JDZ
BGY,GSE
AUS,SFO
FOR,MXP
WUX,CKG
MFE,DFW
GRR,TPA
UPG,TRK
BOJ,CPH
SJC,GDL
AUS,SAN
CCU,BLR
TXL,CPH
GPI,CLO
SZG,CLY
VIE,ODS
BKK,CDG
RHO,JKH
IXA,GAU
DSN,NAY
TNA,TGO
SJD,ORD
HGU,TBG
NBO,MYD
PVG,CGK
GYD,FRA
EWR,PLS
ATL,GSO
STL,DEN
CAI,JED
GYE,ESM
PDP,AEP
URY,RUH
AZD,THR
CTG,JFK
ORD,BDL
CXR,HAN
CAN,TSN
FAO,AMS
GRO,BRE
MFM,MNL
PVG,MFM
CZL,AZR
TYN,SYX
DEN,CVG
MAN,SVG
CAN,KHN
YVR,YWL
DXB,DEL
IND,MCI
TSF,CAG
ROC,CLT
KIV,VRN
AUH,MED
PHX,OMA
PEK,FNJ
OSS,URC
JUZ,XMN
ADZ,BAQ
ELP,AUS
PTY,SJU
WUH,LZH
RAK,LPA
BOI,SEA
FRA,OSL
EIS,SXM
VLC,AMS
CLT,MGM
CLT,AUS
LOD,SON
DUB,SXF
PMI,NCL
KUL,DXB
SJC,LAX
CGO,YTY
OXB,DKR
XIY,PEK
NTE,TUN
DJJ,MKW
TAY,HEL
HAJ,LHR
SRQ,ATL
BRS,NCE
DFW,FAR
CLT,LYH
YHZ,YFC
LHE,DMM
LCY,LIN
CDG,SGN
CAN,DAC
CAN,HGH
BBI,BLR
HRG,MUC
TUS,LAS
MTY,HMO
FCO,JFK
PEK,DAT
ISE,IST
INC,TNA
HKG,AKL
SVO,MLA
GEG,PHX
WAW,SOF
ICN,ATL
JFK,SXM
KHV,KJA
NGS,ICN
PVR,SAN
FNC,EMA
AUA,MIA
POP,YHZ
TGU,SAL
GRU,GYN
HEL,DBV
IXB,CCU
WLG,TIU
SJW,DLC
LED,MSQ
LHW,TNA
AUH,TRV
OPO,FNC
DME,LEJ
VXO,BMA
MCX,SCO
PVG,TAO
KMG,KWE
LHR,ARN
LPA,AGA
RDU,DFW
MXP,LIS
ATL,JFK
ORD,AZO
ERZ,SAW
YIH,PEK
DFW,CUN
GVA,LPL
CDG,LFW
SAT,ELP
BWI,BNA
NCE,CMN
JNB,LHR
BVA,KTW
HET,CIF
NSI,NBO
STT,JFK
BOS,SXM
LFW,COO
MNL,DRW
PEK,TXN
AWZ,DXB
BGO,PMI
TSE,OMS
AUA,PTY
KHG,URC
RJK,CGN
LAP,MEX
QSF,LYS
HJJ,CSX
DMD,ISA
JFK,SJC
AMS,AGP
KLN,KYK
LGA,ORD
VCP,CCM
CKG,HGH
KHH,SIN
MCO,BDL
SMF,SLC
BCN,CGN
YZF,YOW
BUD,BCN
IAD,GCM
YZV,YYY
BLQ,VIE
BCN,ATH
LIN,FCO
DEN,AIA
BIO,LPA
MYR,IAG
VIE,LHR
PVD,ATL
DME,ALC
HET,PEK
TPS,HHN
HND,IWJ
IAD,LHR
EXT,RNS
TGG,SZB
BOG,PCR
MAD,FUE
LCA,SKG
VIE,ODS
TNG,AMS
MFM,HGH
DBV,BHX
JFK,BRU
AJR,LYC
IPA,TAH
XIY,WUA
CDG,EDI
YYZ,CLT
MNL,CRM
ORD,SJU
OAK,ABQ
WJU,CJU
ZAG,CDG
DCA,RSW
PRG,BUD
MSP,ATL
HRB,YCU
KWE,KMG
NYO,KRK
DCA,CAK
GLA,SYY
LBC,GDN
SAN,MEX
TTN,TPA
ICN,SZX
URC,HTN
XMN,YIH
CPH,TRD
DCA,SYR
AYT,MUC
ALB,ATL
KHN,CKG
EDI,HAM
LAS,DCA
GYN,CNF
BES,MRS
JED,ASW
MSY,ATL
ATL,AMS
TXK,DFW
SID,BVC
PEN,KUL
TFN,MAD
KHH,SGN
SUB,BDO
SPU,ARN
DFW,NRT
ISG,TPE
FRA,FCO
LEJ,LPA
MIA,GUA
YUL,YSJ
PHX,SAT
CDG,SXM
TXL,SPU
ZRH,SIN
SFO,SAL
SNA,SFO
CAN,HFE
TLS,AJA
PUJ,PIT
PUY,MAN
EWR,SNN
MAR,CCS
SRX,TIP
GVA,MLA
HVN,PHL
ECN,ADB
CAN,URC
RNO,LAX
OVB,TAS
MKE,CLE
CMN,ZRH
PEK,IAD
KHN,ZUH
OTZ,ABL
DVO,CGY
ELP,LAX
OAK,HNL
BOS,JAX
DYU,OMS
SYD,MCY
CGK,BKS
FRA,SVG
MBI,DAR
HEL,TAY
PMI,FMO
BGO,HAM
LED,MXP
BOS,YYZ
LIS,YYZ
ORD,CDG
CUL,HMO
LBD,REN
BKK,MEL
FRE,VAO
LWS,SLC
RUH,IST
DFW,BTR
PMI,OVD
SYD,TBU
SIN,SZX
NRT,DFW
DME,AER
WAW,HEL
ZUH,CKG
LAS,DTW
PHX,KOA
BPX,CTU
ATL,ORD
CFB,VCP
YNT,XIY
MAN,SOF
BLQ,SAW
BDS,STR
CTU,YIH
YYZ,YHZ
KIX,FUK
URC,TAS
YZF,YRA
ABJ,ACC
ZRH,TXL
ESB,ADB
MUC,DLM
TPE,YNZ
DJE,NTE
YCU,TSN
SIN,FRA
FRA,VKO
CSX,MIG
HND,KKJ
JNU,SGY
MSY,DFW
SYD,PQQ
PHL,DCA
DEN,BOS
KEF,GLA
HRB,KHN
DXB,IFN
CTU,SJW
VNO,CPH
LHR,MIA
BOM,CJB
BCN,VIE
PHL,MDT
KPN,BET
YLW,YQF
ADB,ADA
DCA,HSV
RAO,GRU
AMM,MED
MSY,ORD
LHR,HAM
CTU,CSX
URC,TPE
ADD,DXB
EYW,ATL
CSX,KWE
ARN,LHR
BEG,FRA
DYU,UFA
BVC,LIS
RGN,HEH
RIX,FRA
DME,MJZ
ZRH,JNB
DFW,ATL
ATH,LYS
MCT,DWC
ATH,AOK
PMI,REU
SXM,ANU
ORD,TUL
SIN,DPS
CMH,PHL
BKO,ADD
VCE,LGW
DLG,AKN
PVG,CTS
DFW,OMA
TIF,KWI
FRA,FAO
CTU,LJG
CLE,PHL
AYT,ZRH
EWR,AUS
EZE,CDG
LIL,DBV
DME,VOZ
IST,DLM
MAN,BFS
DXB,DEL
AMS,HEL
ATL,IAD
IDR,PNQ
MAN,CRL
VLC,LIS
DMK,HGH
CCS,SJU
TRZ,CMB
BGY,ALC
MDC,MNA
SYX,YTY
FNC,LIS
CKG,HFE
BWI,EWR
JNB,CDG
DRW,SYD
SAL,MIA
ATL,ABQ
MIA,CUR
CAG,TPS
BRS,SNN
GUM,SDJ
FOC,TNA
TNA,KWL
MAN,PVK
BOD,NTE
FOC,TPE
PMW,BSB
FRA,YUL
GOI,BLR
OPO,EIN
LTN,MLA
BRU,OUA
CKG,CAN
ANC,HNL
AGS,ATL
SIN,PNH
CMB,IXM
MRU,DEL
MXP,MIA
LAX,MUC
BSL,PMI
BNA,TPA
AKL,SYD
MLA,FCO
FLL,CMH
BEY,DWC
CTU,FOC
KWE,XIY
FEZ,FNI
PMI,RLG
ROA,ATL
KRT,JED
BDS,BGY
SHE,BAV
SXF,HER
NKG,HAK
SZX,CTU
BRU,LIS
TPE,TSN
GDN,LBA
DEN,AMA
CAG,BLQ
JDZ,XMN
VCE,TUN
SKG,SKU
SYX,SJW
MHD,ZAH
BRU,BJM
LIM,VVI
ZYI,WUH
HLD,HET
SJU,SKB
AGP,AMS
LGA,ATL
GRU,NAT
TLN,ORY
IST,KWI
NCE,MUC
ARN,DBV
YVP,YKL
PSO,BOG
VIE,PMI
EVN,AER
MAD,KRK
CGK,ICN
FLL,DFW
HEL,RIX
SKZ,MJD
SVX,FRU
CAG,MRS
KWI,AUH
VCE,CDG
CDG,OVD
EWR,HAM
TAS,KRR
CDG,LED
DXB,LGW
WRO,ALC
JFK,TPA
ICN,WUH
JUB,KGL
IAD,TPA
PIK,WMI
TAE,ICN
DRW,GTE
TXL,ZAD
CDG,BIO
TPA,LGW
DCA,PDX
CTU,LZY
CNX,ICN
MIA,SJU
TXL,ZAG
MNL,HND
BOS,ATL
YYZ,YYJ
KBL,IST
CJC,SCL
IST,TGD
ICN,SFO
LUN,WDH
SYD,AKL
VLI,HIR
SCL,AKL
HKG,TPE
ABV,LFW
GYD,ASB
CHA,ORD
ABV,CAI
KJA,NMA
GRU,MEX
LAX,MAD
ETH,SDV
TBZ,MED
MMK,LED
NRT,LHR
ENY,CKG
PDX,YVR
PEK,SWA
CAN,MLE
HGH,CNX
BKK,CSX
BKK,ADD
ORD,IAH
MUC,CHQ
ANC,SNP
PVG,MNL
UTP,USM
AEP,MDZ
YVR,LAX
LAX,MCO
ACE,ORK
IXZ,CCU
ATL,ORD
XFN,SZX
CAN,JJN
LHR,STR
ASP,CNS
LOS,JOS
IFN,KIH
YVR,AKL
EWR,TPA
LGK,SIN
JFK,DEN
ICN,YNT
CTA,HAM
LBB,LAS
GRR,PIE
CZX,CTU
VQS,SJU
NNG,FOC
OBU,ABL
PIT,YYZ
ACE,NOC
XMN,CGK
DLM,GLA
FMN,DEN
BOS,HYA
DAR,AMS
ATL,MEM
FRA,JFK
USU,MNL
CAI,BEY
KIX,HND
LCY,IBZ
JHG,HGH
RTM,LHR
ROC,EWR
TIF,CAI
CDG,BLQ
LHR,AGP
STN,TUF
ICN,MFM
IAD,AUH
SSA,BRA
DFW,ONT
VIE,IST
CGO,PVG
ALB,MDW
SIN,TAO
GUW,TSE
LIT,ATL
MUC,BOS
CLT,SFO
TMM,WMN
LAX,BJX
YUL,YYZ
PSC,SEA
DAC,CCU
CAI,MED
MDW,MCI
ATL,TPA
LLK,DME
ATH,IOA
VXE,SID
IST,KBP
OVB,VVO
ILG,TPA
FSD,AZA
DEN,ATL
NAN,NOU
IST,MUC
TXL,FCO
BOS,SAN
KMG,DSN
GRR,LAS
CIA,CRL
JTR,ATH
SAW,AMS
NPL,AKL
DUS,EWR
CGB,CGR
VIL,AGA
AMS,NBO
YNA,YHR
YYC,ORD
PER,SIN
MCO,MAN
VCE,LIS
AGP,LPL
HEL,BMA
XMN,WUS
YLE,YZF
SIN,CHC
CNX,CAN
DNH,XIY
TUI,RUH
EMA,LIG
ATL,PVR
LTN,MJV
BMA,GOT
PEK,KWL
ACY,ORD
LGW,HER
LGW,DBV
GND,POS
MSQ,PRG
MXP,TUN
LHR,MIA
TRV,MAA
SHA,FOC
CUN,ATL
YYZ,YYJ
WNZ,KWE
SAT,ATL
BWN,KUL
BME,KTA
NRT,ICN
ICN,JFK
ORD,CAE
OAK,AZA
CNX,PVG
PEK,PVG
IND,ATL
AMS,OSL
PLS,MIA
WUH,CKG
BGO,FRO
AMS,NDR
STR,CTA
RHO,HAM
ALG,IST
BEL,GRU
SFO,LHR
LCY,FRA
MIA,GGT
CKG,HET
MIA,MEX
MEX,PHX
LDB,CGB
ORD,MYR
CGO,KHH
HKG,DEL
BRS,GVA
MSY,DFW
PPT,AXR
DEL,VNS
ULN,HVD
PEN,HKG
LDB,CWB
GUA,PTY
MHT,LGA
YVR,HKG
STL,PIT
GLA,BRR
TNA,YNT
AMM,ISU
BOS,RIC
ALG,CDG
AUS,SFO
BRU,HER
HNL,SJC
MTY,HMO
SGN,VII
HAM,LPA
ICN,PEK
PKU,CGK
FCO,TRN
EWR,PEK
BNE,PQQ
ATH,SOF
PMI,AMS
LAX,PPT
ATL,AUS
FRA,JNB
CKG,TAO
SHJ,HBE
NAP,OLB
ZCO,SCL
FCO,TRN
RIX,BGO
ATL,EWR
LAX,RNO
ABV,CDG
DPS,KUL
PVG,JFK
ORD,CDG
AGP,ORK
KLO,TPE
MNL,MFM
LHR,MIA
CTU,CIH
TGJ,GEA
LAS,SMX
BLL,RIX
PEK,KHH
KMI,HND
HNL,BNE
CKG,WUH
PGA,DEN
AUS,BNA
SXM,JFK
YNZ,TPE
ADD,JNB
CHC,SYD
BLQ,TFS
TNA,XIY
MHD,KDH
ACC,CMN
ABS,ASW
DLC,PVG
ROV,DYU
SHJ,BOM
SZX,TPE
JNU,KTN
IXR,DEL
YZT,YVR
BDO,SUB
LIS,MAN
JAX,DCA
BWI,GSP
ADD,LAD
DFW,MTY
AGP,LTN
VTE,PKZ
DTW,PHL
SAT,MCO
GMP,PEK
CTU,MFM
SYD,AKL
DME,PMI
CZX,KMG
EDI,AGP
AMS,SXB
MUC,CTA
BOM,NAG
BUC,ONG
DLC,TYN
LAX,MIA
FRA,ABZ
ICN,BKI
ICI,SUV
BFS,FAO
NBO,LLW
MXZ,ZUH
TSE,LHR
NAS,PHL
AMM,BEN
SJO,TMU
TFS,CGN
DFW,GIG
ATL,MCO
NRT,OOL
WUH,URC
FRA,VIE
SZB,JHB
AWZ,KIH
ATL,ICN
LHR,MEX
OOL,KIX
ATL,SDF
PMI,PRG
LYS,TLS
MLA,MUC
AMS,ATL
OVB,SVO
CIA,KTW
AMS,GLA
FOR,MAO
FCO,LED
SIN,TPE
PPT,TUB
TUN,IST
SKK,UNK
JFK,PDX
AUH,PEK
LGW,UVF
FCO,SUF
AJF,RUH
BCN,MAH
IND,DFW
TUN,BLQ
LHR,OSL
MUX,DXB
FRA,ZAD
LPA,BHX
CCJ,BAH
DXB,KGL
GYD,OMS
HKG,PUS
ATL,LEX
LRH,CRL
ALC,TRD
EDI,BRU
SDQ,PTP
YRT,YEK
KIV,DME
LED,RIX
HRB,TNA
HBE,MED
MLA,BRU
TMU,SJO
MIA,LIS
SYD,CAN
SSH,HBE
REL,BHI
POS,GND
CGN,TXL
LGW,LYS
SZX,HGH
AGA,DUS
SEA,JFK
SVX,NSK
MIA,GRU
VCP,POA
YOW,ORD
TPE,PVG
TBU,SUV
